<?xml version="1.0" encoding="UTF-8"?>
<iso_to_timezone>
	<relation iso="ci" zone="Africa/Abidjan" />
	<relation iso="gh" zone="Africa/Accra" />
	<relation iso="et" zone="Africa/Addis_Ababa" />
	<relation iso="dz" zone="Africa/Algiers" />
	<relation iso="er" zone="Africa/Asmara" />
	<relation iso="ml" zone="Africa/Bamako" />
	<relation iso="cf" zone="Africa/Bangui" />
	<relation iso="gm" zone="Africa/Banjul" />
	<relation iso="gw" zone="Africa/Bissau" />
	<relation iso="mw" zone="Africa/Blantyre" />
	<relation iso="cg" zone="Africa/Brazzaville" />
	<relation iso="bi" zone="Africa/Bujumbura" />
	<relation iso="eg" zone="Africa/Cairo" />
	<relation iso="ma" zone="Africa/Casablanca" />
	<relation iso="gn" zone="Africa/Conakry" />
	<relation iso="sn" zone="Africa/Dakar" />
	<relation iso="tz" zone="Africa/Dar_es_Salaam" />
	<relation iso="dj" zone="Africa/Djibouti" />
	<relation iso="cm" zone="Africa/Douala" />
	<relation iso="eh" zone="Africa/El_Aaiun" />
	<relation iso="sl" zone="Africa/Freetown" />
	<relation iso="bw" zone="Africa/Gaborone" />
	<relation iso="zw" zone="Africa/Harare" />
	<relation iso="za" zone="Africa/Johannesburg" />
	<relation iso="ug" zone="Africa/Kampala" />
	<relation iso="sd" zone="Africa/Khartoum" />
	<relation iso="rw" zone="Africa/Kigali" />
	<relation iso="cd" zone="Africa/Kinshasa" />
	<relation iso="ng" zone="Africa/Lagos" />
	<relation iso="ga" zone="Africa/Libreville" />
	<relation iso="tg" zone="Africa/Lome" />
	<relation iso="ao" zone="Africa/Luanda" />
	<relation iso="zm" zone="Africa/Lusaka" />
	<relation iso="gq" zone="Africa/Malabo" />
	<relation iso="mz" zone="Africa/Maputo" />
	<relation iso="ls" zone="Africa/Maseru" />
	<relation iso="sz" zone="Africa/Mbabane" />
	<relation iso="so" zone="Africa/Mogadishu" />
	<relation iso="lr" zone="Africa/Monrovia" />
	<relation iso="ke" zone="Africa/Nairobi" />
	<relation iso="td" zone="Africa/Ndjamena" />
	<relation iso="ne" zone="Africa/Niamey" />
	<relation iso="mr" zone="Africa/Nouakchott" />
	<relation iso="bf" zone="Africa/Ouagadougou" />
	<relation iso="bj" zone="Africa/Porto-Novo" />
	<relation iso="st" zone="Africa/Sao_Tome" />
	<relation iso="ly" zone="Africa/Tripoli" />
	<relation iso="tn" zone="Africa/Tunis" />
	<relation iso="na" zone="Africa/Windhoek" />
	<relation iso="ai" zone="America/Anguilla" />
	<relation iso="ag" zone="America/Antigua" />
	<relation iso="ar" zone="America/Argentina/Buenos_Aires" />
	<relation iso="aw" zone="America/Aruba" />
	<relation iso="py" zone="America/Asuncion" />
	<relation iso="bb" zone="America/Barbados" />
	<relation iso="bz" zone="America/Belize" />
	<relation iso="co" zone="America/Bogota" />
	<relation iso="ve" zone="America/Caracas" />
	<relation iso="gf" zone="America/Cayenne" />
	<relation iso="ky" zone="America/Cayman" />
	<relation iso="cr" zone="America/Costa_Rica" />
	<relation iso="an" zone="America/Curacao" />
	<relation iso="dm" zone="America/Dominica" />
	<relation iso="sv" zone="America/El_Salvador" />
	<relation iso="gl" zone="America/Godthab" />
	<relation iso="tc" zone="America/Grand_Turk" />
	<relation iso="gd" zone="America/Grenada" />
	<relation iso="gp" zone="America/Guadeloupe" />
	<relation iso="gt" zone="America/Guatemala" />
	<relation iso="ec" zone="America/Guayaquil" />
	<relation iso="gy" zone="America/Guyana" />
	<relation iso="cu" zone="America/Havana" />
	<relation iso="jm" zone="America/Jamaica" />
	<relation iso="bo" zone="America/La_Paz" />
	<relation iso="pe" zone="America/Lima" />
	<relation iso="ni" zone="America/Managua" />
	<relation iso="mf" zone="America/Marigot" />
	<relation iso="mq" zone="America/Martinique" />
	<relation iso="mx" zone="America/Mexico_City" />
	<relation iso="pm" zone="America/Miquelon" />
	<relation iso="uy" zone="America/Montevideo" />
	<relation iso="ms" zone="America/Montserrat" />
	<relation iso="bs" zone="America/Nassau" />
	<relation iso="br" zone="America/Noronha" />
	<relation iso="pa" zone="America/Panama" />
	<relation iso="sr" zone="America/Paramaribo" />
	<relation iso="ht" zone="America/Port-au-Prince" />
	<relation iso="tt" zone="America/Port_of_Spain" />
	<relation iso="pr" zone="America/Puerto_Rico" />
	<relation iso="cl" zone="America/Santiago" />
	<relation iso="do" zone="America/Santo_Domingo" />
	<relation iso="bl" zone="America/St_Barthelemy" />
	<relation iso="kn" zone="America/St_Kitts" />
	<relation iso="lc" zone="America/St_Lucia" />
	<relation iso="vi" zone="America/St_Thomas" />
	<relation iso="vc" zone="America/St_Vincent" />
	<relation iso="hn" zone="America/Tegucigalpa" />
	<relation iso="ca" zone="America/Toronto" />
	<relation iso="vg" zone="America/Tortola" />
	<relation iso="aq" zone="Antarctica/McMurdo" />
	<relation iso="sj" zone="Arctic/Longyearbyen" />
	<relation iso="ye" zone="Asia/Aden" />
	<relation iso="kz" zone="Asia/Almaty" />
	<relation iso="jo" zone="Asia/Amman" />
	<relation iso="tm" zone="Asia/Ashgabat" />
	<relation iso="iq" zone="Asia/Baghdad" />
	<relation iso="bh" zone="Asia/Bahrain" />
	<relation iso="az" zone="Asia/Baku" />
	<relation iso="th" zone="Asia/Bangkok" />
	<relation iso="lb" zone="Asia/Beirut" />
	<relation iso="kg" zone="Asia/Bishkek" />
	<relation iso="bn" zone="Asia/Brunei" />
	<relation iso="lk" zone="Asia/Colombo" />
	<relation iso="sy" zone="Asia/Damascus" />
	<relation iso="bd" zone="Asia/Dhaka" />
	<relation iso="tl" zone="Asia/Dili" />
	<relation iso="ae" zone="Asia/Dubai" />
	<relation iso="tj" zone="Asia/Dushanbe" />
	<relation iso="ps" zone="Asia/Gaza" />
	<relation iso="hk" zone="Asia/Hong_Kong" />
	<relation iso="vn" zone="Asia/Ho_Chi_Minh" />
	<relation iso="id" zone="Asia/Jakarta" />
	<relation iso="il" zone="Asia/Jerusalem" />
	<relation iso="af" zone="Asia/Kabul" />
	<relation iso="pk" zone="Asia/Karachi" />
	<relation iso="np" zone="Asia/Kathmandu" />
	<relation iso="in" zone="Asia/Kolkata" />
	<relation iso="my" zone="Asia/Kuala_Lumpur" />
	<relation iso="kw" zone="Asia/Kuwait" />
	<relation iso="mo" zone="Asia/Macau" />
	<relation iso="ph" zone="Asia/Manila" />
	<relation iso="om" zone="Asia/Muscat" />
	<relation iso="cy" zone="Asia/Nicosia" />
	<relation iso="kh" zone="Asia/Phnom_Penh" />
	<relation iso="kp" zone="Asia/Pyongyang" />
	<relation iso="qa" zone="Asia/Qatar" />
	<relation iso="mm" zone="Asia/Rangoon" />
	<relation iso="sa" zone="Asia/Riyadh" />
	<relation iso="uz" zone="Asia/Samarkand" />
	<relation iso="kr" zone="Asia/Seoul" />
	<relation iso="cn" zone="Asia/Shanghai" />
	<relation iso="sg" zone="Asia/Singapore" />
	<relation iso="tw" zone="Asia/Taipei" />
	<relation iso="ge" zone="Asia/Tbilisi" />
	<relation iso="ir" zone="Asia/Tehran" />
	<relation iso="bt" zone="Asia/Thimphu" />
	<relation iso="jp" zone="Asia/Tokyo" />
	<relation iso="mn" zone="Asia/Ulaanbaatar" />
	<relation iso="la" zone="Asia/Vientiane" />
	<relation iso="am" zone="Asia/Yerevan" />
	<relation iso="bm" zone="Atlantic/Bermuda" />
	<relation iso="cv" zone="Atlantic/Cape_Verde" />
	<relation iso="fo" zone="Atlantic/Faroe" />
	<relation iso="is" zone="Atlantic/Reykjavik" />
	<relation iso="gs" zone="Atlantic/South_Georgia" />
	<relation iso="fk" zone="Atlantic/Stanley" />
	<relation iso="au" zone="Australia/Lord_Howe" />
	<relation iso="nl" zone="Europe/Amsterdam" />
	<relation iso="ad" zone="Europe/Andorra" />
	<relation iso="gr" zone="Europe/Athens" />
	<relation iso="rs" zone="Europe/Belgrade" />
	<relation iso="de" zone="Europe/Berlin" />
	<relation iso="sk" zone="Europe/Bratislava" />
	<relation iso="be" zone="Europe/Brussels" />
	<relation iso="ro" zone="Europe/Bucharest" />
	<relation iso="hu" zone="Europe/Budapest" />
	<relation iso="md" zone="Europe/Chisinau" />
	<relation iso="dk" zone="Europe/Copenhagen" />
	<relation iso="ie" zone="Europe/Dublin" />
	<relation iso="gi" zone="Europe/Gibraltar" />
	<relation iso="gg" zone="Europe/Guernsey" />
	<relation iso="fi" zone="Europe/Helsinki" />
	<relation iso="im" zone="Europe/Isle_of_Man" />
	<relation iso="tr" zone="Europe/Istanbul" />
	<relation iso="je" zone="Europe/Jersey" />
	<relation iso="ua" zone="Europe/Kiev" />
	<relation iso="pt" zone="Europe/Lisbon" />
	<relation iso="si" zone="Europe/Ljubljana" />
	<relation iso="gb" zone="Europe/London" />
	<relation iso="lu" zone="Europe/Luxembourg" />
	<relation iso="es" zone="Europe/Madrid" />
	<relation iso="mt" zone="Europe/Malta" />
	<relation iso="ax" zone="Europe/Mariehamn" />
	<relation iso="by" zone="Europe/Minsk" />
	<relation iso="mc" zone="Europe/Monaco" />
	<relation iso="ru" zone="Europe/Moscow" />
	<relation iso="no" zone="Europe/Oslo" />
	<relation iso="fr" zone="Europe/Paris" />
	<relation iso="me" zone="Europe/Podgorica" />
	<relation iso="cz" zone="Europe/Prague" />
	<relation iso="lv" zone="Europe/Riga" />
	<relation iso="it" zone="Europe/Rome" />
	<relation iso="sm" zone="Europe/San_Marino" />
	<relation iso="ba" zone="Europe/Sarajevo" />
	<relation iso="mk" zone="Europe/Skopje" />
	<relation iso="bg" zone="Europe/Sofia" />
	<relation iso="se" zone="Europe/Stockholm" />
	<relation iso="ee" zone="Europe/Tallinn" />
	<relation iso="al" zone="Europe/Tirane" />
	<relation iso="li" zone="Europe/Vaduz" />
	<relation iso="va" zone="Europe/Vatican" />
	<relation iso="at" zone="Europe/Vienna" />
	<relation iso="lt" zone="Europe/Vilnius" />
	<relation iso="pl" zone="Europe/Warsaw" />
	<relation iso="hr" zone="Europe/Zagreb" />
	<relation iso="ch" zone="Europe/Zurich" />
	<relation iso="mg" zone="Indian/Antananarivo" />
	<relation iso="io" zone="Indian/Chagos" />
	<relation iso="cx" zone="Indian/Christmas" />
	<relation iso="cc" zone="Indian/Cocos" />
	<relation iso="km" zone="Indian/Comoro" />
	<relation iso="tf" zone="Indian/Kerguelen" />
	<relation iso="sc" zone="Indian/Mahe" />
	<relation iso="mv" zone="Indian/Maldives" />
	<relation iso="mu" zone="Indian/Mauritius" />
	<relation iso="yt" zone="Indian/Mayotte" />
	<relation iso="re" zone="Indian/Reunion" />
	<relation iso="ws" zone="Pacific/Apia" />
	<relation iso="nz" zone="Pacific/Auckland" />
	<relation iso="vu" zone="Pacific/Efate" />
	<relation iso="tk" zone="Pacific/Fakaofo" />
	<relation iso="fj" zone="Pacific/Fiji" />
	<relation iso="tv" zone="Pacific/Funafuti" />
	<relation iso="sb" zone="Pacific/Guadalcanal" />
	<relation iso="gu" zone="Pacific/Guam" />
	<relation iso="mh" zone="Pacific/Majuro" />
	<relation iso="nr" zone="Pacific/Nauru" />
	<relation iso="nu" zone="Pacific/Niue" />
	<relation iso="nf" zone="Pacific/Norfolk" />
	<relation iso="nc" zone="Pacific/Noumea" />
	<relation iso="as" zone="Pacific/Pago_Pago" />
	<relation iso="pw" zone="Pacific/Palau" />
	<relation iso="pn" zone="Pacific/Pitcairn" />
	<relation iso="pg" zone="Pacific/Port_Moresby" />
	<relation iso="ck" zone="Pacific/Rarotonga" />
	<relation iso="mp" zone="Pacific/Saipan" />
	<relation iso="pf" zone="Pacific/Tahiti" />
	<relation iso="ki" zone="Pacific/Tarawa" />
	<relation iso="to" zone="Pacific/Tongatapu" />
	<relation iso="wf" zone="Pacific/Wallis" />
	<relation iso="us" zone="US/Eastern" />
</iso_to_timezone>