<?xml version="1.0" encoding="UTF-8"?>
<entity_attribute>
  <fields id="name" class="Attribute">
    <field name="id_attribute_group" relation="attribute_group"/>
    <field name="color"/>
  </fields>
  <entities>
    <attribute id="S" id_attribute_group="Size" color=""/>
    <attribute id="M" id_attribute_group="Size" color=""/>
    <attribute id="L" id_attribute_group="Size" color=""/>
    <attribute id="One_size" id_attribute_group="Size" color=""/>
    <attribute id="Grey" id_attribute_group="Color" color="#AAB2BD"/>
    <attribute id="Taupe" id_attribute_group="Color" color="#CFC4A6"/>
    <attribute id="Beige" id_attribute_group="Color" color="#f5f5dc"/>
    <attribute id="White" id_attribute_group="Color" color="#ffffff"/>
    <attribute id="Off_White" id_attribute_group="Color" color="#faebd7"/>
    <attribute id="Red" id_attribute_group="Color" color="#E84C3D"/>
    <attribute id="Black" id_attribute_group="Color" color="#434A54"/>
    <attribute id="Camel" id_attribute_group="Color" color="#C19A6B"/>
    <attribute id="Orange" id_attribute_group="Color" color="#F39C11"/>
    <attribute id="Blue" id_attribute_group="Color" color="#5D9CEC"/>
    <attribute id="Green" id_attribute_group="Color" color="#A0D468"/>
    <attribute id="Yellow" id_attribute_group="Color" color="#F1C40F"/>
    <attribute id="Brown" id_attribute_group="Color" color="#964B00"/>
    <attribute id="35" id_attribute_group="Shoes_Size" color=""/>
    <attribute id="36" id_attribute_group="Shoes_Size" color=""/>
    <attribute id="37" id_attribute_group="Shoes_Size" color=""/>
    <attribute id="38" id_attribute_group="Shoes_Size" color=""/>
    <attribute id="39" id_attribute_group="Shoes_Size" color=""/>
    <attribute id="40" id_attribute_group="Shoes_Size" color=""/>
    <attribute id="Pink" id_attribute_group="Color" color="#FCCACD"/>
  </entities>
</entity_attribute>
