<?xml version="1.0" encoding="UTF-8"?>
<entity_carrier>
  <fields id="name" class="Carrier" sql="a.id_carrier &gt; 1">
    <field name="id_reference"/>
    <field name="name"/>
    <field name="url"/>
    <field name="active"/>
    <field name="shipping_handling"/>
    <field name="range_behavior"/>
    <field name="is_free"/>
    <field name="shipping_external"/>
    <field name="need_range"/>
    <field name="shipping_method"/>
    <field name="max_width"/>
    <field name="max_height"/>
    <field name="max_depth"/>
    <field name="max_weight"/>
    <field name="grade"/>
  </fields>
  <entities>
    <carrier id="My_carrier" id_reference="2" active="1" shipping_handling="1" range_behavior="0" is_free="0" shipping_external="0" need_range="0" shipping_method="0" max_width="0" max_height="0" max_depth="0" max_weight="0" grade="0">
      <name>My carrier</name>
      <url/>
    </carrier>
  </entities>
</entity_carrier>
