<?xml version="1.0" encoding="UTF-8"?>
<entity_cart_product>
  <fields primary="id_cart, id_product, id_product_attribute">
    <field name="id_cart" relation="cart"/>
    <field name="id_product" relation="product"/>
    <field name="id_address_delivery"/>
    <field name="id_product_attribute" relation="product_attribute"/>
    <field name="quantity"/>
  </fields>
  <entities>
    <cart_product id="cart_product_1_2_10" id_cart="cart_1" id_product="Blouse" id_address_delivery="3" id_product_attribute="product_attribute_10" quantity="1"/>
    <cart_product id="cart_product_1_3_13" id_cart="cart_1" id_product="Printed_Dress" id_address_delivery="3" id_product_attribute="product_attribute_13" quantity="1"/>
    <cart_product id="cart_product_2_2_10" id_cart="cart_2" id_product="Blouse" id_address_delivery="3" id_product_attribute="product_attribute_10" quantity="1"/>
    <cart_product id="cart_product_2_6_32" id_cart="cart_2" id_product="Printed_Summer_Dress_1" id_address_delivery="3" id_product_attribute="product_attribute_32" quantity="1"/>
    <cart_product id="cart_product_2_7_34" id_cart="cart_2" id_product="Printed_Chiffon_Dress" id_address_delivery="3" id_product_attribute="product_attribute_34" quantity="1"/>
    <cart_product id="cart_product_3_2_10" id_cart="cart_3" id_product="Blouse" id_address_delivery="3" id_product_attribute="product_attribute_10" quantity="1"/>
    <cart_product id="cart_product_3_6_32" id_cart="cart_3" id_product="Printed_Summer_Dress_1" id_address_delivery="3" id_product_attribute="product_attribute_32" quantity="1"/>
    <cart_product id="cart_product_3_1_1" id_cart="cart_3" id_product="Faded_Short_Sleeve_T-shirts" id_address_delivery="3" id_product_attribute="product_attribute_1" quantity="1"/>
    <cart_product id="cart_product_4_1_1" id_cart="cart_4" id_product="Faded_Short_Sleeve_T-shirts" id_address_delivery="3" id_product_attribute="product_attribute_1" quantity="1"/>
    <cart_product id="cart_product_4_3_13" id_cart="cart_4" id_product="Printed_Dress" id_address_delivery="3" id_product_attribute="product_attribute_13" quantity="1"/>
    <cart_product id="cart_product_4_7_34" id_cart="cart_4" id_product="Printed_Chiffon_Dress" id_address_delivery="3" id_product_attribute="product_attribute_34" quantity="1"/>
    <cart_product id="cart_product_4_5_19" id_cart="cart_4" id_product="Printed_Summer_Dress" id_address_delivery="3" id_product_attribute="product_attribute_19" quantity="1"/>
    <cart_product id="cart_product_5_1_1" id_cart="cart_5" id_product="Faded_Short_Sleeve_T-shirts" id_address_delivery="3" id_product_attribute="product_attribute_1" quantity="1"/>
    <cart_product id="cart_product_5_2_7" id_cart="cart_5" id_product="Blouse" id_address_delivery="3" id_product_attribute="product_attribute_7" quantity="1"/>
    <cart_product id="cart_product_5_3_13" id_cart="cart_5" id_product="Printed_Dress" id_address_delivery="3" id_product_attribute="product_attribute_13" quantity="1"/>
  </entities>
</entity_cart_product>
