<?xml version="1.0" encoding="UTF-8"?>
<entity_category>
  <fields id="name" class="Category" sql="a.id_category &gt; 2" image="c">
    <field name="id_parent" relation="category"/>
    <field name="active"/>
  </fields>
  <entities>
    <category id="Women" id_parent="Home" active="1"/>
    <category id="Tops" id_parent="Women" active="1"/>
    <category id="T-shirts" id_parent="Tops" active="1"/>
    <category id="Tops_1" id_parent="Tops" active="0"/>
    <category id="Blouses" id_parent="Tops" active="1"/>
    <category id="Dresses" id_parent="Women" active="1"/>
    <category id="Casual_Dresses" id_parent="Dresses" active="1"/>
    <category id="Evening_Dresses" id_parent="Dresses" active="1"/>
    <category id="Summer_Dresses" id_parent="Dresses" active="1"/>
  </entities>
</entity_category>
