<?xml version="1.0" encoding="UTF-8"?>
<entity_connections>
  <fields class="Connection">
    <field name="id_guest" relation="guest"/>
    <field name="id_page"/>
    <field name="ip_address"/>
    <field name="http_referer"/>
    <field name="id_shop_group"/>
    <field name="id_shop"/>
  </fields>
  <entities>
    <connections id="connections_1" id_guest="guest_1" id_page="1" ip_address="2130706433" id_shop_group="1" id_shop="1">
      <http_referer>http://www.prestashop.com</http_referer>
    </connections>
  </entities>
</entity_connections>
