<?xml version="1.0" encoding="UTF-8"?>
<entity_feature_value>
  <fields id="value" class="FeatureValue">
    <field name="id_feature"/>
    <field name="custom"/>
  </fields>
  <entities>
    <feature_value id="Polyester" id_feature="5" custom="0"/>
    <feature_value id="Wool" id_feature="5" custom="0"/>
    <feature_value id="Viscose" id_feature="5" custom="0"/>
    <feature_value id="Elastane" id_feature="5" custom="0"/>
    <feature_value id="Cotton" id_feature="5" custom="0"/>
    <feature_value id="Silk" id_feature="5" custom="0"/>
    <feature_value id="Suede" id_feature="5" custom="0"/>
    <feature_value id="Straw" id_feature="5" custom="0"/>
    <feature_value id="Leather" id_feature="5" custom="0"/>
    <feature_value id="Classic" id_feature="6" custom="0"/>
    <feature_value id="Casual" id_feature="6" custom="0"/>
    <feature_value id="Military" id_feature="6" custom="0"/>
    <feature_value id="Girly" id_feature="6" custom="0"/>
    <feature_value id="Rock" id_feature="6" custom="0"/>
    <feature_value id="Basic" id_feature="6" custom="0"/>
    <feature_value id="Dressy" id_feature="6" custom="0"/>
    <feature_value id="Short_Sleeve" id_feature="7" custom="0"/>
    <feature_value id="Colorful_Dress" id_feature="7" custom="0"/>
    <feature_value id="Short_Dress" id_feature="7" custom="0"/>
    <feature_value id="Midi_Dress" id_feature="7" custom="0"/>
    <feature_value id="Maxi_Dress" id_feature="7" custom="0"/>
    <feature_value id="2_75_in" id_feature="1" custom="1"/>
    <feature_value id="2_06_in" id_feature="2" custom="1"/>
    <feature_value id="49_2_g" id_feature="4" custom="1"/>
    <feature_value id="0_26_in" id_feature="3" custom="1"/>
    <feature_value id="1_07_in" id_feature="1" custom="1"/>
    <feature_value id="1_62_in" id_feature="2" custom="1"/>
    <feature_value id="15_5_g" id_feature="4" custom="1"/>
    <feature_value id="0_41_in_clip_included" id_feature="3" custom="1"/>
    <feature_value id="4_33_in" id_feature="1" custom="1"/>
    <feature_value id="2_76_in" id_feature="2" custom="1"/>
    <feature_value id="120g" id_feature="4" custom="1"/>
    <feature_value id="0_31_in" id_feature="3" custom="1"/>
  </entities>
</entity_feature_value>
