<?xml version="1.0" encoding="UTF-8"?>
<entity_image>
  <fields id="legend" class="Image" image="p">
    <field name="id_product" relation="product"/>
    <field name="cover"/>
  </fields>
  <entities>
    <image id="image_1" id_product="Faded_Short_Sleeve_T-shirts" cover="1"/>
    <image id="image_2" id_product="Faded_Short_Sleeve_T-shirts" cover="0"/>
    <image id="image_3" id_product="Faded_Short_Sleeve_T-shirts" cover="0"/>
    <image id="image_4" id_product="Faded_Short_Sleeve_T-shirts" cover="0"/>
    <image id="image_5" id_product="Blouse" cover="0"/>
    <image id="image_6" id_product="Blouse" cover="0"/>
    <image id="image_7" id_product="Blouse" cover="1"/>
    <image id="image_8" id_product="Printed_Dress" cover="1"/>
    <image id="image_9" id_product="Printed_Dress" cover="0"/>
    <image id="image_10" id_product="Printed_Dress_1" cover="1"/>
    <image id="image_11" id_product="Printed_Dress_1" cover="0"/>
    <image id="image_12" id_product="Printed_Summer_Dress" cover="1"/>
    <image id="image_13" id_product="Printed_Summer_Dress" cover="0"/>
    <image id="image_14" id_product="Printed_Summer_Dress" cover="0"/>
    <image id="image_15" id_product="Printed_Summer_Dress" cover="0"/>
    <image id="image_16" id_product="Printed_Summer_Dress_1" cover="1"/>
    <image id="image_17" id_product="Printed_Summer_Dress_1" cover="0"/>
    <image id="image_18" id_product="Printed_Summer_Dress_1" cover="0"/>
    <image id="image_19" id_product="Printed_Summer_Dress_1" cover="0"/>
    <image id="image_20" id_product="Printed_Chiffon_Dress" cover="1"/>
    <image id="image_21" id_product="Printed_Chiffon_Dress" cover="0"/>
    <image id="image_22" id_product="Printed_Chiffon_Dress" cover="0"/>
    <image id="image_23" id_product="Printed_Chiffon_Dress" cover="0"/>
  </entities>
</entity_image>
