<?xml version="1.0" encoding="UTF-8"?>
<entity_order_history>
  <fields class="OrderHistory">
    <field name="id_employee"/>
    <field name="id_order" relation="orders"/>
    <field name="id_order_state" relation="order_state"/>
  </fields>
  <entities>
    <order_history id="order_history_1" id_employee="0" id_order="orders_1" id_order_state="Awaiting_cheque_payment"/>
    <order_history id="order_history_2" id_employee="0" id_order="orders_2" id_order_state="Awaiting_cheque_payment"/>
    <order_history id="order_history_3" id_employee="0" id_order="orders_3" id_order_state="Awaiting_cheque_payment"/>
    <order_history id="order_history_4" id_employee="0" id_order="orders_4" id_order_state="Awaiting_cheque_payment"/>
    <order_history id="order_history_5" id_employee="0" id_order="orders_5" id_order_state="Awaiting_bank_wire_payment"/>
    <order_history id="order_history_6" id_employee="1" id_order="orders_1" id_order_state="Canceled"/>
    <order_history id="order_history_7" id_employee="1" id_order="orders_3" id_order_state="Payment_error"/>
  </entities>
</entity_order_history>
