<?xml version="1.0"?>
<entity_order_carrier>
  <fields class="OrderCarrier">
    <field name="id_order" relation="orders"/>
    <field name="id_carrier" relation="carrier"/>
    <field name="id_order_invoice"/>
    <field name="weight"/>
    <field name="shipping_cost_tax_excl"/>
    <field name="shipping_cost_tax_incl"/>
    <field name="tracking_number"/>
  </fields>
  <entities>
    <order_carrier id="order_carrier_1" id_order="1" id_carrier="My_carrier" id_order_invoice="0" weight="0.000000" shipping_cost_tax_excl="2.000000" shipping_cost_tax_incl="2.000000">
      <tracking_number/>
    </order_carrier>
    <order_carrier id="order_carrier_2" id_order="2" id_carrier="My_carrier" id_order_invoice="0" weight="0.000000" shipping_cost_tax_excl="2.000000" shipping_cost_tax_incl="2.000000">
      <tracking_number/>
    </order_carrier>
    <order_carrier id="order_carrier_3" id_order="3" id_carrier="My_carrier" id_order_invoice="0" weight="0.000000" shipping_cost_tax_excl="2.000000" shipping_cost_tax_incl="2.000000">
      <tracking_number/>
    </order_carrier>
    <order_carrier id="order_carrier_4" id_order="4" id_carrier="My_carrier" id_order_invoice="0" weight="0.000000" shipping_cost_tax_excl="2.000000" shipping_cost_tax_incl="2.000000">
      <tracking_number/>
    </order_carrier>
    <order_carrier id="order_carrier_5" id_order="5" id_carrier="My_carrier" id_order_invoice="0" weight="0.000000" shipping_cost_tax_excl="2.000000" shipping_cost_tax_incl="2.000000">
      <tracking_number/>
    </order_carrier>
  </entities>
</entity_order_carrier>
