<?xml version="1.0"?>
<entity_product_supplier>
  <fields class="ProductSupplier">
    <field name="id_product" relation="product"/>
    <field name="id_product_attribute" relation="product_attribute"/>
    <field name="id_supplier" relation="supplier"/>
    <field name="product_supplier_reference"/>
    <field name="product_supplier_price_te"/>
  </fields>
  <entities>
    <product_supplier id="product_supplier_1" id_product="Faded_Short_Sleeve_T-shirts" id_product_attribute="" id_supplier="Fashion_Supplier" product_supplier_reference="" product_supplier_price_te="0.000000"/>
    <product_supplier id="product_supplier_2" id_product="Blouse" id_product_attribute="" id_supplier="Fashion_Supplier" product_supplier_reference="" product_supplier_price_te="0.000000"/>
    <product_supplier id="product_supplier_3" id_product="Printed_Dress" id_product_attribute="" id_supplier="Fashion_Supplier" product_supplier_reference="" product_supplier_price_te="0.000000"/>
    <product_supplier id="product_supplier_4" id_product="Printed_Dress_1" id_product_attribute="" id_supplier="Fashion_Supplier" product_supplier_reference="" product_supplier_price_te="0.000000"/>
    <product_supplier id="product_supplier_5" id_product="Printed_Summer_Dress" id_product_attribute="" id_supplier="Fashion_Supplier" product_supplier_reference="" product_supplier_price_te="0.000000"/>
    <product_supplier id="product_supplier_6" id_product="Printed_Summer_Dress_1" id_product_attribute="" id_supplier="Fashion_Supplier" product_supplier_reference="" product_supplier_price_te="0.000000"/>
    <product_supplier id="product_supplier_7" id_product="Printed_Chiffon_Dress" id_product_attribute="" id_supplier="Fashion_Supplier" product_supplier_reference="" product_supplier_price_te="0.000000"/>
  </entities>
</entity_product_supplier>
