<?xml version="1.0"?>
<entity_product_attribute_image>
  <fields primary="id_product_attribute, id_image">
    <field name="id_product_attribute" relation="product_attribute"/>
    <field name="id_image" relation="image"/>
  </fields>
  <entities>
    <product_attribute_image id="product_attribute_image_1_1" id_product_attribute="product_attribute_1" id_image="image_1"/>
    <product_attribute_image id="product_attribute_image_3_1" id_product_attribute="product_attribute_3" id_image="image_1"/>
    <product_attribute_image id="product_attribute_image_5_1" id_product_attribute="product_attribute_5" id_image="image_1"/>
    <product_attribute_image id="product_attribute_image_1_2" id_product_attribute="product_attribute_1" id_image="image_2"/>
    <product_attribute_image id="product_attribute_image_3_2" id_product_attribute="product_attribute_3" id_image="image_2"/>
    <product_attribute_image id="product_attribute_image_5_2" id_product_attribute="product_attribute_5" id_image="image_2"/>
    <product_attribute_image id="product_attribute_image_2_3" id_product_attribute="product_attribute_2" id_image="image_3"/>
    <product_attribute_image id="product_attribute_image_4_3" id_product_attribute="product_attribute_4" id_image="image_3"/>
    <product_attribute_image id="product_attribute_image_6_3" id_product_attribute="product_attribute_6" id_image="image_3"/>
    <product_attribute_image id="product_attribute_image_2_4" id_product_attribute="product_attribute_2" id_image="image_4"/>
    <product_attribute_image id="product_attribute_image_4_4" id_product_attribute="product_attribute_4" id_image="image_4"/>
    <product_attribute_image id="product_attribute_image_6_4" id_product_attribute="product_attribute_6" id_image="image_4"/>
    <product_attribute_image id="product_attribute_image_8_5" id_product_attribute="product_attribute_8" id_image="image_5"/>
    <product_attribute_image id="product_attribute_image_10_5" id_product_attribute="product_attribute_10" id_image="image_5"/>
    <product_attribute_image id="product_attribute_image_12_5" id_product_attribute="product_attribute_12" id_image="image_5"/>
    <product_attribute_image id="product_attribute_image_8_6" id_product_attribute="product_attribute_8" id_image="image_6"/>
    <product_attribute_image id="product_attribute_image_10_6" id_product_attribute="product_attribute_10" id_image="image_6"/>
    <product_attribute_image id="product_attribute_image_12_6" id_product_attribute="product_attribute_12" id_image="image_6"/>
    <product_attribute_image id="product_attribute_image_7_7" id_product_attribute="product_attribute_7" id_image="image_7"/>
    <product_attribute_image id="product_attribute_image_9_7" id_product_attribute="product_attribute_9" id_image="image_7"/>
    <product_attribute_image id="product_attribute_image_11_7" id_product_attribute="product_attribute_11" id_image="image_7"/>
    <product_attribute_image id="product_attribute_image_16_10" id_product_attribute="product_attribute_16" id_image="image_10"/>
    <product_attribute_image id="product_attribute_image_17_10" id_product_attribute="product_attribute_17" id_image="image_10"/>
    <product_attribute_image id="product_attribute_image_18_10" id_product_attribute="product_attribute_18" id_image="image_10"/>
    <product_attribute_image id="product_attribute_image_43_11" id_product_attribute="product_attribute_43" id_image="image_11"/>
    <product_attribute_image id="product_attribute_image_44_11" id_product_attribute="product_attribute_44" id_image="image_11"/>
    <product_attribute_image id="product_attribute_image_45_11" id_product_attribute="product_attribute_45" id_image="image_11"/>
    <product_attribute_image id="product_attribute_image_19_12" id_product_attribute="product_attribute_19" id_image="image_12"/>
    <product_attribute_image id="product_attribute_image_23_12" id_product_attribute="product_attribute_23" id_image="image_12"/>
    <product_attribute_image id="product_attribute_image_27_12" id_product_attribute="product_attribute_27" id_image="image_12"/>
    <product_attribute_image id="product_attribute_image_20_13" id_product_attribute="product_attribute_20" id_image="image_13"/>
    <product_attribute_image id="product_attribute_image_24_13" id_product_attribute="product_attribute_24" id_image="image_13"/>
    <product_attribute_image id="product_attribute_image_28_13" id_product_attribute="product_attribute_28" id_image="image_13"/>
    <product_attribute_image id="product_attribute_image_21_14" id_product_attribute="product_attribute_21" id_image="image_14"/>
    <product_attribute_image id="product_attribute_image_25_14" id_product_attribute="product_attribute_25" id_image="image_14"/>
    <product_attribute_image id="product_attribute_image_29_14" id_product_attribute="product_attribute_29" id_image="image_14"/>
    <product_attribute_image id="product_attribute_image_22_15" id_product_attribute="product_attribute_22" id_image="image_15"/>
    <product_attribute_image id="product_attribute_image_26_15" id_product_attribute="product_attribute_26" id_image="image_15"/>
    <product_attribute_image id="product_attribute_image_30_15" id_product_attribute="product_attribute_30" id_image="image_15"/>
    <product_attribute_image id="product_attribute_image_31_16" id_product_attribute="product_attribute_31" id_image="image_16"/>
    <product_attribute_image id="product_attribute_image_32_16" id_product_attribute="product_attribute_32" id_image="image_16"/>
    <product_attribute_image id="product_attribute_image_33_16" id_product_attribute="product_attribute_33" id_image="image_16"/>
    <product_attribute_image id="product_attribute_image_31_17" id_product_attribute="product_attribute_31" id_image="image_17"/>
    <product_attribute_image id="product_attribute_image_32_17" id_product_attribute="product_attribute_32" id_image="image_17"/>
    <product_attribute_image id="product_attribute_image_33_17" id_product_attribute="product_attribute_33" id_image="image_17"/>
    <product_attribute_image id="product_attribute_image_40_18" id_product_attribute="product_attribute_40" id_image="image_18"/>
    <product_attribute_image id="product_attribute_image_41_18" id_product_attribute="product_attribute_41" id_image="image_18"/>
    <product_attribute_image id="product_attribute_image_42_18" id_product_attribute="product_attribute_42" id_image="image_18"/>
    <product_attribute_image id="product_attribute_image_40_19" id_product_attribute="product_attribute_40" id_image="image_19"/>
    <product_attribute_image id="product_attribute_image_41_19" id_product_attribute="product_attribute_41" id_image="image_19"/>
    <product_attribute_image id="product_attribute_image_42_19" id_product_attribute="product_attribute_42" id_image="image_19"/>
    <product_attribute_image id="product_attribute_image_34_20" id_product_attribute="product_attribute_34" id_image="image_20"/>
    <product_attribute_image id="product_attribute_image_35_20" id_product_attribute="product_attribute_35" id_image="image_20"/>
    <product_attribute_image id="product_attribute_image_36_20" id_product_attribute="product_attribute_36" id_image="image_20"/>
    <product_attribute_image id="product_attribute_image_34_21" id_product_attribute="product_attribute_34" id_image="image_21"/>
    <product_attribute_image id="product_attribute_image_35_21" id_product_attribute="product_attribute_35" id_image="image_21"/>
    <product_attribute_image id="product_attribute_image_36_21" id_product_attribute="product_attribute_36" id_image="image_21"/>
    <product_attribute_image id="product_attribute_image_37_22" id_product_attribute="product_attribute_37" id_image="image_22"/>
    <product_attribute_image id="product_attribute_image_38_22" id_product_attribute="product_attribute_38" id_image="image_22"/>
    <product_attribute_image id="product_attribute_image_39_22" id_product_attribute="product_attribute_39" id_image="image_22"/>
    <product_attribute_image id="product_attribute_image_37_23" id_product_attribute="product_attribute_37" id_image="image_23"/>
    <product_attribute_image id="product_attribute_image_38_23" id_product_attribute="product_attribute_38" id_image="image_23"/>
    <product_attribute_image id="product_attribute_image_39_23" id_product_attribute="product_attribute_39" id_image="image_23"/>
  </entities>
</entity_product_attribute_image>
