<?xml version="1.0" encoding="UTF-8"?>
<entity_stock_available>
  <fields primary="id_stock_available" class="StockAvailable" null="1">
    <field name="id_product" relation="product" />
    <field name="id_product_attribute" relation="product_attribute"/>
    <field name="id_shop"/>
    <field name="id_shop_group"/>
    <field name="quantity"/>
    <field name="depends_on_stock"/>
    <field name="out_of_stock"/>
  </fields>
  <entities>
    <stock_available id="stock_available_1" id_product="1" id_product_attribute="0" id_shop="1" id_shop_group="0" quantity="1799" depends_on_stock="0" out_of_stock="2"/>
    <stock_available id="stock_available_2" id_product="2" id_product_attribute="0" id_shop="1" id_shop_group="0" quantity="1799" depends_on_stock="0" out_of_stock="2"/>
    <stock_available id="stock_available_3" id_product="3" id_product_attribute="0" id_shop="1" id_shop_group="0" quantity="899" depends_on_stock="0" out_of_stock="2"/>
    <stock_available id="stock_available_4" id_product="4" id_product_attribute="0" id_shop="1" id_shop_group="0" quantity="900" depends_on_stock="0" out_of_stock="2"/>
    <stock_available id="stock_available_5" id_product="5" id_product_attribute="0" id_shop="1" id_shop_group="0" quantity="3600" depends_on_stock="0" out_of_stock="2"/>
    <stock_available id="stock_available_6" id_product="6" id_product_attribute="0" id_shop="1" id_shop_group="0" quantity="900" depends_on_stock="0" out_of_stock="2"/>
    <stock_available id="stock_available_7" id_product="7" id_product_attribute="0" id_shop="1" id_shop_group="0" quantity="1800" depends_on_stock="0" out_of_stock="2"/>
    <stock_available id="stock_available_8" id_product="1" id_product_attribute="1" id_shop="1" id_shop_group="0" quantity="299" depends_on_stock="0" out_of_stock="2"/>
    <stock_available id="stock_available_9" id_product="1" id_product_attribute="2" id_shop="1" id_shop_group="0" quantity="300" depends_on_stock="0" out_of_stock="2"/>
    <stock_available id="stock_available_10" id_product="1" id_product_attribute="3" id_shop="1" id_shop_group="0" quantity="300" depends_on_stock="0" out_of_stock="2"/>
    <stock_available id="stock_available_11" id_product="1" id_product_attribute="4" id_shop="1" id_shop_group="0" quantity="300" depends_on_stock="0" out_of_stock="2"/>
    <stock_available id="stock_available_12" id_product="1" id_product_attribute="5" id_shop="1" id_shop_group="0" quantity="300" depends_on_stock="0" out_of_stock="2"/>
    <stock_available id="stock_available_13" id_product="1" id_product_attribute="6" id_shop="1" id_shop_group="0" quantity="300" depends_on_stock="0" out_of_stock="2"/>
    <stock_available id="stock_available_14" id_product="2" id_product_attribute="7" id_shop="1" id_shop_group="0" quantity="299" depends_on_stock="0" out_of_stock="2"/>
    <stock_available id="stock_available_15" id_product="2" id_product_attribute="8" id_shop="1" id_shop_group="0" quantity="300" depends_on_stock="0" out_of_stock="2"/>
    <stock_available id="stock_available_16" id_product="2" id_product_attribute="9" id_shop="1" id_shop_group="0" quantity="300" depends_on_stock="0" out_of_stock="2"/>
    <stock_available id="stock_available_17" id_product="2" id_product_attribute="10" id_shop="1" id_shop_group="0" quantity="300" depends_on_stock="0" out_of_stock="2"/>
    <stock_available id="stock_available_18" id_product="2" id_product_attribute="11" id_shop="1" id_shop_group="0" quantity="300" depends_on_stock="0" out_of_stock="2"/>
    <stock_available id="stock_available_19" id_product="2" id_product_attribute="12" id_shop="1" id_shop_group="0" quantity="300" depends_on_stock="0" out_of_stock="2"/>
    <stock_available id="stock_available_20" id_product="3" id_product_attribute="13" id_shop="1" id_shop_group="0" quantity="299" depends_on_stock="0" out_of_stock="2"/>
    <stock_available id="stock_available_21" id_product="3" id_product_attribute="14" id_shop="1" id_shop_group="0" quantity="300" depends_on_stock="0" out_of_stock="2"/>
    <stock_available id="stock_available_22" id_product="3" id_product_attribute="15" id_shop="1" id_shop_group="0" quantity="300" depends_on_stock="0" out_of_stock="2"/>
    <stock_available id="stock_available_23" id_product="4" id_product_attribute="16" id_shop="1" id_shop_group="0" quantity="300" depends_on_stock="0" out_of_stock="2"/>
    <stock_available id="stock_available_24" id_product="4" id_product_attribute="17" id_shop="1" id_shop_group="0" quantity="300" depends_on_stock="0" out_of_stock="2"/>
    <stock_available id="stock_available_25" id_product="4" id_product_attribute="18" id_shop="1" id_shop_group="0" quantity="300" depends_on_stock="0" out_of_stock="2"/>
    <stock_available id="stock_available_26" id_product="5" id_product_attribute="19" id_shop="1" id_shop_group="0" quantity="300" depends_on_stock="0" out_of_stock="2"/>
    <stock_available id="stock_available_27" id_product="5" id_product_attribute="20" id_shop="1" id_shop_group="0" quantity="300" depends_on_stock="0" out_of_stock="2"/>
    <stock_available id="stock_available_28" id_product="5" id_product_attribute="21" id_shop="1" id_shop_group="0" quantity="300" depends_on_stock="0" out_of_stock="2"/>
    <stock_available id="stock_available_29" id_product="5" id_product_attribute="22" id_shop="1" id_shop_group="0" quantity="300" depends_on_stock="0" out_of_stock="2"/>
    <stock_available id="stock_available_30" id_product="5" id_product_attribute="23" id_shop="1" id_shop_group="0" quantity="300" depends_on_stock="0" out_of_stock="2"/>
    <stock_available id="stock_available_31" id_product="5" id_product_attribute="24" id_shop="1" id_shop_group="0" quantity="300" depends_on_stock="0" out_of_stock="2"/>
    <stock_available id="stock_available_32" id_product="5" id_product_attribute="25" id_shop="1" id_shop_group="0" quantity="300" depends_on_stock="0" out_of_stock="2"/>
    <stock_available id="stock_available_33" id_product="5" id_product_attribute="26" id_shop="1" id_shop_group="0" quantity="300" depends_on_stock="0" out_of_stock="2"/>
    <stock_available id="stock_available_34" id_product="5" id_product_attribute="27" id_shop="1" id_shop_group="0" quantity="300" depends_on_stock="0" out_of_stock="2"/>
    <stock_available id="stock_available_35" id_product="5" id_product_attribute="28" id_shop="1" id_shop_group="0" quantity="300" depends_on_stock="0" out_of_stock="2"/>
    <stock_available id="stock_available_36" id_product="5" id_product_attribute="29" id_shop="1" id_shop_group="0" quantity="300" depends_on_stock="0" out_of_stock="2"/>
    <stock_available id="stock_available_37" id_product="5" id_product_attribute="30" id_shop="1" id_shop_group="0" quantity="300" depends_on_stock="0" out_of_stock="2"/>
    <stock_available id="stock_available_38" id_product="6" id_product_attribute="31" id_shop="1" id_shop_group="0" quantity="300" depends_on_stock="0" out_of_stock="2"/>
    <stock_available id="stock_available_39" id_product="6" id_product_attribute="32" id_shop="1" id_shop_group="0" quantity="300" depends_on_stock="0" out_of_stock="2"/>
    <stock_available id="stock_available_40" id_product="6" id_product_attribute="33" id_shop="1" id_shop_group="0" quantity="300" depends_on_stock="0" out_of_stock="2"/>
    <stock_available id="stock_available_41" id_product="7" id_product_attribute="34" id_shop="1" id_shop_group="0" quantity="300" depends_on_stock="0" out_of_stock="2"/>
    <stock_available id="stock_available_42" id_product="7" id_product_attribute="35" id_shop="1" id_shop_group="0" quantity="300" depends_on_stock="0" out_of_stock="2"/>
    <stock_available id="stock_available_43" id_product="7" id_product_attribute="36" id_shop="1" id_shop_group="0" quantity="300" depends_on_stock="0" out_of_stock="2"/>
    <stock_available id="stock_available_44" id_product="7" id_product_attribute="37" id_shop="1" id_shop_group="0" quantity="300" depends_on_stock="0" out_of_stock="2"/>
    <stock_available id="stock_available_45" id_product="7" id_product_attribute="38" id_shop="1" id_shop_group="0" quantity="300" depends_on_stock="0" out_of_stock="2"/>
    <stock_available id="stock_available_46" id_product="7" id_product_attribute="39" id_shop="1" id_shop_group="0" quantity="300" depends_on_stock="0" out_of_stock="2"/>
    <stock_available id="stock_available_47" id_product="6" id_product_attribute="40" id_shop="1" id_shop_group="0" quantity="0" depends_on_stock="0" out_of_stock="2"/>
    <stock_available id="stock_available_48" id_product="6" id_product_attribute="41" id_shop="1" id_shop_group="0" quantity="0" depends_on_stock="0" out_of_stock="2"/>
    <stock_available id="stock_available_49" id_product="6" id_product_attribute="42" id_shop="1" id_shop_group="0" quantity="0" depends_on_stock="0" out_of_stock="2"/>
    <stock_available id="stock_available_50" id_product="4" id_product_attribute="43" id_shop="1" id_shop_group="0" quantity="0" depends_on_stock="0" out_of_stock="2"/>
    <stock_available id="stock_available_51" id_product="4" id_product_attribute="44" id_shop="1" id_shop_group="0" quantity="0" depends_on_stock="0" out_of_stock="2"/>
    <stock_available id="stock_available_52" id_product="4" id_product_attribute="45" id_shop="1" id_shop_group="0" quantity="0" depends_on_stock="0" out_of_stock="2"/>
  </entities>
</entity_stock_available>
