<?xml version="1.0" encoding="UTF-8"?>
<entity_access>
  <fields primary="id_profile, id_tab" sql="a.id_profile = 1">
    <field name="id_profile" relation="profile"/>
    <field name="id_tab" relation="tab"/>
    <field name="view"/>
    <field name="add"/>
    <field name="edit"/>
    <field name="delete"/>
  </fields>
  <entities>
    <access id="access_1_0" id_profile="SuperAdmin" id_tab="" view="1" add="1" edit="1" delete="1"/>
    <access id="access_1_1" id_profile="SuperAdmin" id_tab="Home" view="1" add="1" edit="1" delete="1"/>
    <access id="access_1_2" id_profile="SuperAdmin" id_tab="CMS_pages" view="1" add="1" edit="1" delete="1"/>
    <access id="access_1_3" id_profile="SuperAdmin" id_tab="CMS_categories" view="1" add="1" edit="1" delete="1"/>
    <access id="access_1_4" id_profile="SuperAdmin" id_tab="Combinations_generator" view="1" add="1" edit="1" delete="1"/>
    <access id="access_1_5" id_profile="SuperAdmin" id_tab="Search" view="1" add="1" edit="1" delete="1"/>
    <access id="access_1_7" id_profile="SuperAdmin" id_tab="Shops" view="1" add="1" edit="1" delete="1"/>
    <access id="access_1_8" id_profile="SuperAdmin" id_tab="Shop_Urls" view="1" add="1" edit="1" delete="1"/>
    <access id="access_1_9" id_profile="SuperAdmin" id_tab="Catalog" view="1" add="1" edit="1" delete="1"/>
    <access id="access_1_10" id_profile="SuperAdmin" id_tab="Orders" view="1" add="1" edit="1" delete="1"/>
    <access id="access_1_11" id_profile="SuperAdmin" id_tab="Customers" view="1" add="1" edit="1" delete="1"/>
    <access id="access_1_13" id_profile="SuperAdmin" id_tab="Shipping" view="1" add="1" edit="1" delete="1"/>
    <access id="access_1_14" id_profile="SuperAdmin" id_tab="Localization" view="1" add="1" edit="1" delete="1"/>
    <access id="access_1_15" id_profile="SuperAdmin" id_tab="Modules" view="1" add="1" edit="1" delete="1"/>
    <access id="access_1_16" id_profile="SuperAdmin" id_tab="Preferences" view="1" add="1" edit="1" delete="1"/>
    <access id="access_1_19" id_profile="SuperAdmin" id_tab="Stats" view="1" add="1" edit="1" delete="1"/>
    <access id="access_1_20" id_profile="SuperAdmin" id_tab="Stock" view="1" add="1" edit="1" delete="1"/>
    <access id="access_1_21" id_profile="SuperAdmin" id_tab="Products" view="1" add="1" edit="1" delete="1"/>
    <access id="access_1_22" id_profile="SuperAdmin" id_tab="Categories" view="1" add="1" edit="1" delete="1"/>
    <access id="access_1_23" id_profile="SuperAdmin" id_tab="Monitoring" view="1" add="1" edit="1" delete="1"/>
    <access id="access_1_24" id_profile="SuperAdmin" id_tab="Attributes_and_Values" view="1" add="1" edit="1" delete="1"/>
    <access id="access_1_25" id_profile="SuperAdmin" id_tab="Features" view="1" add="1" edit="1" delete="1"/>
    <access id="access_1_26" id_profile="SuperAdmin" id_tab="Manufacturers" view="1" add="1" edit="1" delete="1"/>
    <access id="access_1_27" id_profile="SuperAdmin" id_tab="Suppliers" view="1" add="1" edit="1" delete="1"/>
    <access id="access_1_29" id_profile="SuperAdmin" id_tab="Tags" view="1" add="1" edit="1" delete="1"/>
    <access id="access_1_30" id_profile="SuperAdmin" id_tab="Attachments" view="1" add="1" edit="1" delete="1"/>
    <access id="access_1_32" id_profile="SuperAdmin" id_tab="Invoices" view="1" add="1" edit="1" delete="1"/>
    <access id="access_1_33" id_profile="SuperAdmin" id_tab="Merchandise_Returns" view="1" add="1" edit="1" delete="1"/>
    <access id="access_1_34" id_profile="SuperAdmin" id_tab="Delivery_Slips" view="1" add="1" edit="1" delete="1"/>
    <access id="access_1_35" id_profile="SuperAdmin" id_tab="Credit_Slips" view="1" add="1" edit="1" delete="1"/>
    <access id="access_1_36" id_profile="SuperAdmin" id_tab="Statuses" view="1" add="1" edit="1" delete="1"/>
    <access id="access_1_37" id_profile="SuperAdmin" id_tab="Order_Messages" view="1" add="1" edit="1" delete="1"/>
    <access id="access_1_39" id_profile="SuperAdmin" id_tab="Addresses" view="1" add="1" edit="1" delete="1"/>
    <access id="access_1_40" id_profile="SuperAdmin" id_tab="Groups" view="1" add="1" edit="1" delete="1"/>
    <access id="access_1_41" id_profile="SuperAdmin" id_tab="Shopping_Carts" view="1" add="1" edit="1" delete="1"/>
    <access id="access_1_42" id_profile="SuperAdmin" id_tab="Customer_Service" view="1" add="1" edit="1" delete="1"/>
    <access id="access_1_43" id_profile="SuperAdmin" id_tab="Contacts" view="1" add="1" edit="1" delete="1"/>
    <access id="access_1_44" id_profile="SuperAdmin" id_tab="Genders" view="1" add="1" edit="1" delete="1"/>
    <access id="access_1_45" id_profile="SuperAdmin" id_tab="Outstanding" view="1" add="1" edit="1" delete="1"/>
    <access id="access_1_46" id_profile="SuperAdmin" id_tab="Cart_Rules" view="1" add="1" edit="1" delete="1"/>
    <access id="access_1_47" id_profile="SuperAdmin" id_tab="Catalog_price_rules" view="1" add="1" edit="1" delete="1"/>
    <access id="access_1_49" id_profile="SuperAdmin" id_tab="CarrierWizard" view="1" add="1" edit="1" delete="1"/>
    <access id="access_1_49" id_profile="SuperAdmin" id_tab="Carriers" view="1" add="1" edit="1" delete="1"/>
    <access id="access_1_50" id_profile="SuperAdmin" id_tab="Price_Ranges" view="1" add="1" edit="1" delete="1"/>
    <access id="access_1_51" id_profile="SuperAdmin" id_tab="Weight_Ranges" view="1" add="1" edit="1" delete="1"/>
    <access id="access_1_53" id_profile="SuperAdmin" id_tab="Languages" view="1" add="1" edit="1" delete="1"/>
    <access id="access_1_54" id_profile="SuperAdmin" id_tab="Zones" view="1" add="1" edit="1" delete="1"/>
    <access id="access_1_55" id_profile="SuperAdmin" id_tab="Countries" view="1" add="1" edit="1" delete="1"/>
    <access id="access_1_56" id_profile="SuperAdmin" id_tab="States" view="1" add="1" edit="1" delete="1"/>
    <access id="access_1_57" id_profile="SuperAdmin" id_tab="Currencies" view="1" add="1" edit="1" delete="1"/>
    <access id="access_1_58" id_profile="SuperAdmin" id_tab="Tax_Rules" view="1" add="1" edit="1" delete="1"/>
    <access id="access_1_59" id_profile="SuperAdmin" id_tab="Taxes" view="1" add="1" edit="1" delete="1"/>
    <access id="access_1_60" id_profile="SuperAdmin" id_tab="Translations" view="1" add="1" edit="1" delete="1"/>
    <access id="access_1_62" id_profile="SuperAdmin" id_tab="Modules_Themes_Catalog" view="1" add="1" edit="1" delete="1"/>
    <access id="access_1_63" id_profile="SuperAdmin" id_tab="Positions" view="1" add="1" edit="1" delete="1"/>
    <access id="access_1_64" id_profile="SuperAdmin" id_tab="Payment" view="1" add="1" edit="1" delete="1"/>
    <access id="access_1_67" id_profile="SuperAdmin" id_tab="Products_1" view="1" add="1" edit="1" delete="1"/>
    <access id="access_1_68" id_profile="SuperAdmin" id_tab="Customers_2" view="1" add="1" edit="1" delete="1"/>
    <access id="access_1_69" id_profile="SuperAdmin" id_tab="Themes" view="1" add="1" edit="1" delete="1"/>
    <access id="access_1_70" id_profile="SuperAdmin" id_tab="SEO_URLs" view="1" add="1" edit="1" delete="1"/>
    <access id="access_1_71" id_profile="SuperAdmin" id_tab="CMS" view="1" add="1" edit="1" delete="1"/>
    <access id="access_1_72" id_profile="SuperAdmin" id_tab="Images" view="1" add="1" edit="1" delete="1"/>
    <access id="access_1_73" id_profile="SuperAdmin" id_tab="Contact_stores" view="1" add="1" edit="1" delete="1"/>
    <access id="access_1_74" id_profile="SuperAdmin" id_tab="Search_1" view="1" add="1" edit="1" delete="1"/>
    <access id="access_1_75" id_profile="SuperAdmin" id_tab="Maintenance" view="1" add="1" edit="1" delete="1"/>
    <access id="access_1_76" id_profile="SuperAdmin" id_tab="Geolocation" view="1" add="1" edit="1" delete="1"/>
    <access id="access_1_77" id_profile="SuperAdmin" id_tab="Configuration_Information" view="1" add="1" edit="1" delete="1"/>
    <access id="access_1_78" id_profile="SuperAdmin" id_tab="Performance" view="1" add="1" edit="1" delete="1"/>
    <access id="access_1_79" id_profile="SuperAdmin" id_tab="E-mail" view="1" add="1" edit="1" delete="1"/>
    <access id="access_1_81" id_profile="SuperAdmin" id_tab="CSV_Import" view="1" add="1" edit="1" delete="1"/>
    <access id="access_1_82" id_profile="SuperAdmin" id_tab="DB_Backup" view="1" add="1" edit="1" delete="1"/>
    <access id="access_1_83" id_profile="SuperAdmin" id_tab="SQL_Manager" view="1" add="1" edit="1" delete="1"/>
    <access id="access_1_84" id_profile="SuperAdmin" id_tab="Logs" view="1" add="1" edit="1" delete="1"/>
    <access id="access_1_85" id_profile="SuperAdmin" id_tab="Webservice" view="1" add="1" edit="1" delete="1"/>
    <access id="access_1_87" id_profile="SuperAdmin" id_tab="Quick_Access" view="1" add="1" edit="1" delete="1"/>
    <access id="access_1_88" id_profile="SuperAdmin" id_tab="Employees" view="1" add="1" edit="1" delete="1"/>
    <access id="access_1_89" id_profile="SuperAdmin" id_tab="Profiles" view="1" add="1" edit="1" delete="1"/>
    <access id="access_1_90" id_profile="SuperAdmin" id_tab="Permissions" view="1" add="1" edit="1" delete="1"/>
    <access id="access_1_91" id_profile="SuperAdmin" id_tab="Tabs" view="1" add="1" edit="1" delete="1"/>
    <access id="access_1_93" id_profile="SuperAdmin" id_tab="Search_Engines" view="1" add="1" edit="1" delete="1"/>
    <access id="access_1_94" id_profile="SuperAdmin" id_tab="Referrers" view="1" add="1" edit="1" delete="1"/>
    <access id="access_1_95" id_profile="SuperAdmin" id_tab="Warehouses" view="1" add="1" edit="1" delete="1"/>
    <access id="access_1_96" id_profile="SuperAdmin" id_tab="Stock_Management" view="1" add="1" edit="1" delete="1"/>
    <access id="access_1_97" id_profile="SuperAdmin" id_tab="Stock_Movement" view="1" add="1" edit="1" delete="1"/>
    <access id="access_1_98" id_profile="SuperAdmin" id_tab="Stock_instant_state" view="1" add="1" edit="1" delete="1"/>
    <access id="access_1_99" id_profile="SuperAdmin" id_tab="Stock_cover" view="1" add="1" edit="1" delete="1"/>
    <access id="access_1_100" id_profile="SuperAdmin" id_tab="Supply_orders" view="1" add="1" edit="1" delete="1"/>
    <access id="access_1_101" id_profile="SuperAdmin" id_tab="Configuration" view="1" add="1" edit="1" delete="1"/>
    <access id="access_1_102" id_profile="SuperAdmin" id_tab="Dashboard" view="1" add="1" edit="1" delete="1"/>
  </entities>
</entity_access>
