<?xml version="1.0" encoding="UTF-8"?>
<entity_state>
  <fields id="iso_code">
    <field name="id_country" relation="country"/>
    <field name="id_zone" relation="zone"/>
    <field name="name"/>
    <field name="iso_code"/>
    <field name="tax_behavior"/>
    <field name="active"/>
  </fields>
  <entities>
    <state id="AL" id_country="US" id_zone="North_America" iso_code="AL" tax_behavior="0" active="1">
      <name>Alabama</name>
    </state>
    <state id="AK" id_country="US" id_zone="North_America" iso_code="AK" tax_behavior="0" active="1">
      <name>Alaska</name>
    </state>
    <state id="AZ" id_country="US" id_zone="North_America" iso_code="AZ" tax_behavior="0" active="1">
      <name>Arizona</name>
    </state>
    <state id="AR" id_country="US" id_zone="North_America" iso_code="AR" tax_behavior="0" active="1">
      <name>Arkansas</name>
    </state>
    <state id="CA" id_country="US" id_zone="North_America" iso_code="CA" tax_behavior="0" active="1">
      <name>California</name>
    </state>
    <state id="CO" id_country="US" id_zone="North_America" iso_code="CO" tax_behavior="0" active="1">
      <name>Colorado</name>
    </state>
    <state id="CT" id_country="US" id_zone="North_America" iso_code="CT" tax_behavior="0" active="1">
      <name>Connecticut</name>
    </state>
    <state id="DE" id_country="US" id_zone="North_America" iso_code="DE" tax_behavior="0" active="1">
      <name>Delaware</name>
    </state>
    <state id="FL" id_country="US" id_zone="North_America" iso_code="FL" tax_behavior="0" active="1">
      <name>Florida</name>
    </state>
    <state id="GA" id_country="US" id_zone="North_America" iso_code="GA" tax_behavior="0" active="1">
      <name>Georgia</name>
    </state>
    <state id="HI" id_country="US" id_zone="North_America" iso_code="HI" tax_behavior="0" active="1">
      <name>Hawaii</name>
    </state>
    <state id="ID" id_country="US" id_zone="North_America" iso_code="ID" tax_behavior="0" active="1">
      <name>Idaho</name>
    </state>
    <state id="IL" id_country="US" id_zone="North_America" iso_code="IL" tax_behavior="0" active="1">
      <name>Illinois</name>
    </state>
    <state id="IN" id_country="US" id_zone="North_America" iso_code="IN" tax_behavior="0" active="1">
      <name>Indiana</name>
    </state>
    <state id="IA" id_country="US" id_zone="North_America" iso_code="IA" tax_behavior="0" active="1">
      <name>Iowa</name>
    </state>
    <state id="KS" id_country="US" id_zone="North_America" iso_code="KS" tax_behavior="0" active="1">
      <name>Kansas</name>
    </state>
    <state id="KY" id_country="US" id_zone="North_America" iso_code="KY" tax_behavior="0" active="1">
      <name>Kentucky</name>
    </state>
    <state id="LA" id_country="US" id_zone="North_America" iso_code="LA" tax_behavior="0" active="1">
      <name>Louisiana</name>
    </state>
    <state id="ME" id_country="US" id_zone="North_America" iso_code="ME" tax_behavior="0" active="1">
      <name>Maine</name>
    </state>
    <state id="MD" id_country="US" id_zone="North_America" iso_code="MD" tax_behavior="0" active="1">
      <name>Maryland</name>
    </state>
    <state id="MA" id_country="US" id_zone="North_America" iso_code="MA" tax_behavior="0" active="1">
      <name>Massachusetts</name>
    </state>
    <state id="MI" id_country="US" id_zone="North_America" iso_code="MI" tax_behavior="0" active="1">
      <name>Michigan</name>
    </state>
    <state id="MN" id_country="US" id_zone="North_America" iso_code="MN" tax_behavior="0" active="1">
      <name>Minnesota</name>
    </state>
    <state id="MS" id_country="US" id_zone="North_America" iso_code="MS" tax_behavior="0" active="1">
      <name>Mississippi</name>
    </state>
    <state id="MO" id_country="US" id_zone="North_America" iso_code="MO" tax_behavior="0" active="1">
      <name>Missouri</name>
    </state>
    <state id="MT" id_country="US" id_zone="North_America" iso_code="MT" tax_behavior="0" active="1">
      <name>Montana</name>
    </state>
    <state id="NE" id_country="US" id_zone="North_America" iso_code="NE" tax_behavior="0" active="1">
      <name>Nebraska</name>
    </state>
    <state id="NV" id_country="US" id_zone="North_America" iso_code="NV" tax_behavior="0" active="1">
      <name>Nevada</name>
    </state>
    <state id="NH" id_country="US" id_zone="North_America" iso_code="NH" tax_behavior="0" active="1">
      <name>New Hampshire</name>
    </state>
    <state id="NJ" id_country="US" id_zone="North_America" iso_code="NJ" tax_behavior="0" active="1">
      <name>New Jersey</name>
    </state>
    <state id="NM" id_country="US" id_zone="North_America" iso_code="NM" tax_behavior="0" active="1">
      <name>New Mexico</name>
    </state>
    <state id="NY" id_country="US" id_zone="North_America" iso_code="NY" tax_behavior="0" active="1">
      <name>New York</name>
    </state>
    <state id="NC" id_country="US" id_zone="North_America" iso_code="NC" tax_behavior="0" active="1">
      <name>North Carolina</name>
    </state>
    <state id="ND" id_country="US" id_zone="North_America" iso_code="ND" tax_behavior="0" active="1">
      <name>North Dakota</name>
    </state>
    <state id="OH" id_country="US" id_zone="North_America" iso_code="OH" tax_behavior="0" active="1">
      <name>Ohio</name>
    </state>
    <state id="OK" id_country="US" id_zone="North_America" iso_code="OK" tax_behavior="0" active="1">
      <name>Oklahoma</name>
    </state>
    <state id="OR" id_country="US" id_zone="North_America" iso_code="OR" tax_behavior="0" active="1">
      <name>Oregon</name>
    </state>
    <state id="PA" id_country="US" id_zone="North_America" iso_code="PA" tax_behavior="0" active="1">
      <name>Pennsylvania</name>
    </state>
    <state id="RI" id_country="US" id_zone="North_America" iso_code="RI" tax_behavior="0" active="1">
      <name>Rhode Island</name>
    </state>
    <state id="SC" id_country="US" id_zone="North_America" iso_code="SC" tax_behavior="0" active="1">
      <name>South Carolina</name>
    </state>
    <state id="SD" id_country="US" id_zone="North_America" iso_code="SD" tax_behavior="0" active="1">
      <name>South Dakota</name>
    </state>
    <state id="TN" id_country="US" id_zone="North_America" iso_code="TN" tax_behavior="0" active="1">
      <name>Tennessee</name>
    </state>
    <state id="TX" id_country="US" id_zone="North_America" iso_code="TX" tax_behavior="0" active="1">
      <name>Texas</name>
    </state>
    <state id="UT" id_country="US" id_zone="North_America" iso_code="UT" tax_behavior="0" active="1">
      <name>Utah</name>
    </state>
    <state id="VT" id_country="US" id_zone="North_America" iso_code="VT" tax_behavior="0" active="1">
      <name>Vermont</name>
    </state>
    <state id="VA" id_country="US" id_zone="North_America" iso_code="VA" tax_behavior="0" active="1">
      <name>Virginia</name>
    </state>
    <state id="WA" id_country="US" id_zone="North_America" iso_code="WA" tax_behavior="0" active="1">
      <name>Washington</name>
    </state>
    <state id="WV" id_country="US" id_zone="North_America" iso_code="WV" tax_behavior="0" active="1">
      <name>West Virginia</name>
    </state>
    <state id="WI" id_country="US" id_zone="North_America" iso_code="WI" tax_behavior="0" active="1">
      <name>Wisconsin</name>
    </state>
    <state id="WY" id_country="US" id_zone="North_America" iso_code="WY" tax_behavior="0" active="1">
      <name>Wyoming</name>
    </state>
    <state id="PR" id_country="US" id_zone="North_America" iso_code="PR" tax_behavior="0" active="1">
      <name>Puerto Rico</name>
    </state>
    <state id="VI" id_country="US" id_zone="North_America" iso_code="VI" tax_behavior="0" active="1">
      <name>US Virgin Islands</name>
    </state>
    <state id="DC" id_country="US" id_zone="North_America" iso_code="DC" tax_behavior="0" active="1">
      <name>District of Columbia</name>
    </state>
    <state id="AGS" id_country="MX" id_zone="North_America" iso_code="AGS" tax_behavior="0" active="1">
      <name>Aguascalientes</name>
    </state>
    <state id="BCN" id_country="MX" id_zone="North_America" iso_code="BCN" tax_behavior="0" active="1">
      <name>Baja California</name>
    </state>
    <state id="BCS" id_country="MX" id_zone="North_America" iso_code="BCS" tax_behavior="0" active="1">
      <name>Baja California Sur</name>
    </state>
    <state id="CAM" id_country="MX" id_zone="North_America" iso_code="CAM" tax_behavior="0" active="1">
      <name>Campeche</name>
    </state>
    <state id="CHP" id_country="MX" id_zone="North_America" iso_code="CHP" tax_behavior="0" active="1">
      <name>Chiapas</name>
    </state>
    <state id="CHH" id_country="MX" id_zone="North_America" iso_code="CHH" tax_behavior="0" active="1">
      <name>Chihuahua</name>
    </state>
    <state id="COA" id_country="MX" id_zone="North_America" iso_code="COA" tax_behavior="0" active="1">
      <name>Coahuila</name>
    </state>
    <state id="COL" id_country="MX" id_zone="North_America" iso_code="COL" tax_behavior="0" active="1">
      <name>Colima</name>
    </state>
    <state id="DIF" id_country="MX" id_zone="North_America" iso_code="DIF" tax_behavior="0" active="1">
      <name>Distrito Federal</name>
    </state>
    <state id="DUR" id_country="MX" id_zone="North_America" iso_code="DUR" tax_behavior="0" active="1">
      <name>Durango</name>
    </state>
    <state id="GUA" id_country="MX" id_zone="North_America" iso_code="GUA" tax_behavior="0" active="1">
      <name>Guanajuato</name>
    </state>
    <state id="GRO" id_country="MX" id_zone="North_America" iso_code="GRO" tax_behavior="0" active="1">
      <name>Guerrero</name>
    </state>
    <state id="HID" id_country="MX" id_zone="North_America" iso_code="HID" tax_behavior="0" active="1">
      <name>Hidalgo</name>
    </state>
    <state id="JAL" id_country="MX" id_zone="North_America" iso_code="JAL" tax_behavior="0" active="1">
      <name>Jalisco</name>
    </state>
    <state id="MEX" id_country="MX" id_zone="North_America" iso_code="MEX" tax_behavior="0" active="1">
      <name>Estado de México</name>
    </state>
    <state id="MIC" id_country="MX" id_zone="North_America" iso_code="MIC" tax_behavior="0" active="1">
      <name>Michoacán</name>
    </state>
    <state id="MOR" id_country="MX" id_zone="North_America" iso_code="MOR" tax_behavior="0" active="1">
      <name>Morelos</name>
    </state>
    <state id="NAY" id_country="MX" id_zone="North_America" iso_code="NAY" tax_behavior="0" active="1">
      <name>Nayarit</name>
    </state>
    <state id="NLE" id_country="MX" id_zone="North_America" iso_code="NLE" tax_behavior="0" active="1">
      <name>Nuevo León</name>
    </state>
    <state id="OAX" id_country="MX" id_zone="North_America" iso_code="OAX" tax_behavior="0" active="1">
      <name>Oaxaca</name>
    </state>
    <state id="PUE" id_country="MX" id_zone="North_America" iso_code="PUE" tax_behavior="0" active="1">
      <name>Puebla</name>
    </state>
    <state id="QUE" id_country="MX" id_zone="North_America" iso_code="QUE" tax_behavior="0" active="1">
      <name>Querétaro</name>
    </state>
    <state id="ROO" id_country="MX" id_zone="North_America" iso_code="ROO" tax_behavior="0" active="1">
      <name>Quintana Roo</name>
    </state>
    <state id="SLP" id_country="MX" id_zone="North_America" iso_code="SLP" tax_behavior="0" active="1">
      <name>San Luis Potosí</name>
    </state>
    <state id="SIN" id_country="MX" id_zone="North_America" iso_code="SIN" tax_behavior="0" active="1">
      <name>Sinaloa</name>
    </state>
    <state id="SON" id_country="MX" id_zone="North_America" iso_code="SON" tax_behavior="0" active="1">
      <name>Sonora</name>
    </state>
    <state id="TAB" id_country="MX" id_zone="North_America" iso_code="TAB" tax_behavior="0" active="1">
      <name>Tabasco</name>
    </state>
    <state id="TAM" id_country="MX" id_zone="North_America" iso_code="TAM" tax_behavior="0" active="1">
      <name>Tamaulipas</name>
    </state>
    <state id="TLA" id_country="MX" id_zone="North_America" iso_code="TLA" tax_behavior="0" active="1">
      <name>Tlaxcala</name>
    </state>
    <state id="VER" id_country="MX" id_zone="North_America" iso_code="VER" tax_behavior="0" active="1">
      <name>Veracruz</name>
    </state>
    <state id="YUC" id_country="MX" id_zone="North_America" iso_code="YUC" tax_behavior="0" active="1">
      <name>Yucatán</name>
    </state>
    <state id="ZAC" id_country="MX" id_zone="North_America" iso_code="ZAC" tax_behavior="0" active="1">
      <name>Zacatecas</name>
    </state>
    <state id="ON" id_country="CA" id_zone="North_America" iso_code="ON" tax_behavior="0" active="1">
      <name>Ontario</name>
    </state>
    <state id="QC" id_country="CA" id_zone="North_America" iso_code="QC" tax_behavior="0" active="1">
      <name>Quebec</name>
    </state>
    <state id="BC" id_country="CA" id_zone="North_America" iso_code="BC" tax_behavior="0" active="1">
      <name>British Columbia</name>
    </state>
    <state id="AB" id_country="CA" id_zone="North_America" iso_code="AB" tax_behavior="0" active="1">
      <name>Alberta</name>
    </state>
    <state id="MB" id_country="CA" id_zone="North_America" iso_code="MB" tax_behavior="0" active="1">
      <name>Manitoba</name>
    </state>
    <state id="SK" id_country="CA" id_zone="North_America" iso_code="SK" tax_behavior="0" active="1">
      <name>Saskatchewan</name>
    </state>
    <state id="NS" id_country="CA" id_zone="North_America" iso_code="NS" tax_behavior="0" active="1">
      <name>Nova Scotia</name>
    </state>
    <state id="NB" id_country="CA" id_zone="North_America" iso_code="NB" tax_behavior="0" active="1">
      <name>New Brunswick</name>
    </state>
    <state id="NL" id_country="CA" id_zone="North_America" iso_code="NL" tax_behavior="0" active="1">
      <name>Newfoundland and Labrador</name>
    </state>
    <state id="PE" id_country="CA" id_zone="North_America" iso_code="PE" tax_behavior="0" active="1">
      <name>Prince Edward Island</name>
    </state>
    <state id="NT" id_country="CA" id_zone="North_America" iso_code="NT" tax_behavior="0" active="1">
      <name>Northwest Territories</name>
    </state>
    <state id="YT" id_country="CA" id_zone="North_America" iso_code="YT" tax_behavior="0" active="1">
      <name>Yukon</name>
    </state>
    <state id="NU" id_country="CA" id_zone="North_America" iso_code="NU" tax_behavior="0" active="1">
      <name>Nunavut</name>
    </state>
    <state id="B" id_country="AR" id_zone="South_America" iso_code="B" tax_behavior="0" active="1">
      <name>Buenos Aires</name>
    </state>
    <state id="K" id_country="AR" id_zone="South_America" iso_code="K" tax_behavior="0" active="1">
      <name>Catamarca</name>
    </state>
    <state id="H" id_country="AR" id_zone="South_America" iso_code="H" tax_behavior="0" active="1">
      <name>Chaco</name>
    </state>
    <state id="U" id_country="AR" id_zone="South_America" iso_code="U" tax_behavior="0" active="1">
      <name>Chubut</name>
    </state>
    <state id="C" id_country="AR" id_zone="South_America" iso_code="C" tax_behavior="0" active="1">
      <name>Ciudad de Buenos Aires</name>
    </state>
    <state id="X" id_country="AR" id_zone="South_America" iso_code="X" tax_behavior="0" active="1">
      <name>Córdoba</name>
    </state>
    <state id="W" id_country="AR" id_zone="South_America" iso_code="W" tax_behavior="0" active="1">
      <name>Corrientes</name>
    </state>
    <state id="E" id_country="AR" id_zone="South_America" iso_code="E" tax_behavior="0" active="1">
      <name>Entre Ríos</name>
    </state>
    <state id="P" id_country="AR" id_zone="South_America" iso_code="P" tax_behavior="0" active="1">
      <name>Formosa</name>
    </state>
    <state id="Y" id_country="AR" id_zone="South_America" iso_code="Y" tax_behavior="0" active="1">
      <name>Jujuy</name>
    </state>
    <state id="L" id_country="AR" id_zone="South_America" iso_code="L" tax_behavior="0" active="1">
      <name>La Pampa</name>
    </state>
    <state id="F" id_country="AR" id_zone="South_America" iso_code="F" tax_behavior="0" active="1">
      <name>La Rioja</name>
    </state>
    <state id="M" id_country="AR" id_zone="South_America" iso_code="M" tax_behavior="0" active="1">
      <name>Mendoza</name>
    </state>
    <state id="N" id_country="AR" id_zone="South_America" iso_code="N" tax_behavior="0" active="1">
      <name>Misiones</name>
    </state>
    <state id="Q" id_country="AR" id_zone="South_America" iso_code="Q" tax_behavior="0" active="1">
      <name>Neuquén</name>
    </state>
    <state id="R" id_country="AR" id_zone="South_America" iso_code="R" tax_behavior="0" active="1">
      <name>Río Negro</name>
    </state>
    <state id="A" id_country="AR" id_zone="South_America" iso_code="A" tax_behavior="0" active="1">
      <name>Salta</name>
    </state>
    <state id="J" id_country="AR" id_zone="South_America" iso_code="J" tax_behavior="0" active="1">
      <name>San Juan</name>
    </state>
    <state id="D" id_country="AR" id_zone="South_America" iso_code="D" tax_behavior="0" active="1">
      <name>San Luis</name>
    </state>
    <state id="Z" id_country="AR" id_zone="South_America" iso_code="Z" tax_behavior="0" active="1">
      <name>Santa Cruz</name>
    </state>
    <state id="S" id_country="AR" id_zone="South_America" iso_code="S" tax_behavior="0" active="1">
      <name>Santa Fe</name>
    </state>
    <state id="G" id_country="AR" id_zone="South_America" iso_code="G" tax_behavior="0" active="1">
      <name>Santiago del Estero</name>
    </state>
    <state id="V" id_country="AR" id_zone="South_America" iso_code="V" tax_behavior="0" active="1">
      <name>Tierra del Fuego</name>
    </state>
    <state id="T" id_country="AR" id_zone="South_America" iso_code="T" tax_behavior="0" active="1">
      <name>Tucumán</name>
    </state>
    <state id="AG" id_country="IT" id_zone="Europe" iso_code="AG" tax_behavior="0" active="1">
      <name>Agrigento</name>
    </state>
    <state id="AL_1" id_country="IT" id_zone="Europe" iso_code="AL" tax_behavior="0" active="1">
      <name>Alessandria</name>
    </state>
    <state id="AN" id_country="IT" id_zone="Europe" iso_code="AN" tax_behavior="0" active="1">
      <name>Ancona</name>
    </state>
    <state id="AO" id_country="IT" id_zone="Europe" iso_code="AO" tax_behavior="0" active="1">
      <name>Aosta</name>
    </state>
    <state id="AR_1" id_country="IT" id_zone="Europe" iso_code="AR" tax_behavior="0" active="1">
      <name>Arezzo</name>
    </state>
    <state id="AP" id_country="IT" id_zone="Europe" iso_code="AP" tax_behavior="0" active="1">
      <name>Ascoli Piceno</name>
    </state>
    <state id="AT" id_country="IT" id_zone="Europe" iso_code="AT" tax_behavior="0" active="1">
      <name>Asti</name>
    </state>
    <state id="AV" id_country="IT" id_zone="Europe" iso_code="AV" tax_behavior="0" active="1">
      <name>Avellino</name>
    </state>
    <state id="BA" id_country="IT" id_zone="Europe" iso_code="BA" tax_behavior="0" active="1">
      <name>Bari</name>
    </state>
    <state id="BT" id_country="IT" id_zone="Europe" iso_code="BT" tax_behavior="0" active="1">
      <name>Barletta-Andria-Trani</name>
    </state>
    <state id="BL" id_country="IT" id_zone="Europe" iso_code="BL" tax_behavior="0" active="1">
      <name>Belluno</name>
    </state>
    <state id="BN" id_country="IT" id_zone="Europe" iso_code="BN" tax_behavior="0" active="1">
      <name>Benevento</name>
    </state>
    <state id="BG" id_country="IT" id_zone="Europe" iso_code="BG" tax_behavior="0" active="1">
      <name>Bergamo</name>
    </state>
    <state id="BI" id_country="IT" id_zone="Europe" iso_code="BI" tax_behavior="0" active="1">
      <name>Biella</name>
    </state>
    <state id="BO" id_country="IT" id_zone="Europe" iso_code="BO" tax_behavior="0" active="1">
      <name>Bologna</name>
    </state>
    <state id="BZ" id_country="IT" id_zone="Europe" iso_code="BZ" tax_behavior="0" active="1">
      <name>Bolzano</name>
    </state>
    <state id="BS" id_country="IT" id_zone="Europe" iso_code="BS" tax_behavior="0" active="1">
      <name>Brescia</name>
    </state>
    <state id="BR" id_country="IT" id_zone="Europe" iso_code="BR" tax_behavior="0" active="1">
      <name>Brindisi</name>
    </state>
    <state id="CA_1" id_country="IT" id_zone="Europe" iso_code="CA" tax_behavior="0" active="1">
      <name>Cagliari</name>
    </state>
    <state id="CL" id_country="IT" id_zone="Europe" iso_code="CL" tax_behavior="0" active="1">
      <name>Caltanissetta</name>
    </state>
    <state id="CB" id_country="IT" id_zone="Europe" iso_code="CB" tax_behavior="0" active="1">
      <name>Campobasso</name>
    </state>
    <state id="CI" id_country="IT" id_zone="Europe" iso_code="CI" tax_behavior="0" active="1">
      <name>Carbonia-Iglesias</name>
    </state>
    <state id="CE" id_country="IT" id_zone="Europe" iso_code="CE" tax_behavior="0" active="1">
      <name>Caserta</name>
    </state>
    <state id="CT_1" id_country="IT" id_zone="Europe" iso_code="CT" tax_behavior="0" active="1">
      <name>Catania</name>
    </state>
    <state id="CZ" id_country="IT" id_zone="Europe" iso_code="CZ" tax_behavior="0" active="1">
      <name>Catanzaro</name>
    </state>
    <state id="CH" id_country="IT" id_zone="Europe" iso_code="CH" tax_behavior="0" active="1">
      <name>Chieti</name>
    </state>
    <state id="CO_1" id_country="IT" id_zone="Europe" iso_code="CO" tax_behavior="0" active="1">
      <name>Como</name>
    </state>
    <state id="CS" id_country="IT" id_zone="Europe" iso_code="CS" tax_behavior="0" active="1">
      <name>Cosenza</name>
    </state>
    <state id="CR" id_country="IT" id_zone="Europe" iso_code="CR" tax_behavior="0" active="1">
      <name>Cremona</name>
    </state>
    <state id="KR" id_country="IT" id_zone="Europe" iso_code="KR" tax_behavior="0" active="1">
      <name>Crotone</name>
    </state>
    <state id="CN" id_country="IT" id_zone="Europe" iso_code="CN" tax_behavior="0" active="1">
      <name>Cuneo</name>
    </state>
    <state id="EN" id_country="IT" id_zone="Europe" iso_code="EN" tax_behavior="0" active="1">
      <name>Enna</name>
    </state>
    <state id="FM" id_country="IT" id_zone="Europe" iso_code="FM" tax_behavior="0" active="1">
      <name>Fermo</name>
    </state>
    <state id="FE" id_country="IT" id_zone="Europe" iso_code="FE" tax_behavior="0" active="1">
      <name>Ferrara</name>
    </state>
    <state id="FI" id_country="IT" id_zone="Europe" iso_code="FI" tax_behavior="0" active="1">
      <name>Firenze</name>
    </state>
    <state id="FG" id_country="IT" id_zone="Europe" iso_code="FG" tax_behavior="0" active="1">
      <name>Foggia</name>
    </state>
    <state id="FC" id_country="IT" id_zone="Europe" iso_code="FC" tax_behavior="0" active="1">
      <name>Forlì-Cesena</name>
    </state>
    <state id="FR" id_country="IT" id_zone="Europe" iso_code="FR" tax_behavior="0" active="1">
      <name>Frosinone</name>
    </state>
    <state id="GE" id_country="IT" id_zone="Europe" iso_code="GE" tax_behavior="0" active="1">
      <name>Genova</name>
    </state>
    <state id="GO" id_country="IT" id_zone="Europe" iso_code="GO" tax_behavior="0" active="1">
      <name>Gorizia</name>
    </state>
    <state id="GR" id_country="IT" id_zone="Europe" iso_code="GR" tax_behavior="0" active="1">
      <name>Grosseto</name>
    </state>
    <state id="IM" id_country="IT" id_zone="Europe" iso_code="IM" tax_behavior="0" active="1">
      <name>Imperia</name>
    </state>
    <state id="IS" id_country="IT" id_zone="Europe" iso_code="IS" tax_behavior="0" active="1">
      <name>Isernia</name>
    </state>
    <state id="AQ" id_country="IT" id_zone="Europe" iso_code="AQ" tax_behavior="0" active="1">
      <name>L'Aquila</name>
    </state>
    <state id="SP" id_country="IT" id_zone="Europe" iso_code="SP" tax_behavior="0" active="1">
      <name>La Spezia</name>
    </state>
    <state id="LT" id_country="IT" id_zone="Europe" iso_code="LT" tax_behavior="0" active="1">
      <name>Latina</name>
    </state>
    <state id="LE" id_country="IT" id_zone="Europe" iso_code="LE" tax_behavior="0" active="1">
      <name>Lecce</name>
    </state>
    <state id="LC" id_country="IT" id_zone="Europe" iso_code="LC" tax_behavior="0" active="1">
      <name>Lecco</name>
    </state>
    <state id="LI" id_country="IT" id_zone="Europe" iso_code="LI" tax_behavior="0" active="1">
      <name>Livorno</name>
    </state>
    <state id="LO" id_country="IT" id_zone="Europe" iso_code="LO" tax_behavior="0" active="1">
      <name>Lodi</name>
    </state>
    <state id="LU" id_country="IT" id_zone="Europe" iso_code="LU" tax_behavior="0" active="1">
      <name>Lucca</name>
    </state>
    <state id="MC" id_country="IT" id_zone="Europe" iso_code="MC" tax_behavior="0" active="1">
      <name>Macerata</name>
    </state>
    <state id="MN_1" id_country="IT" id_zone="Europe" iso_code="MN" tax_behavior="0" active="1">
      <name>Mantova</name>
    </state>
    <state id="MS_1" id_country="IT" id_zone="Europe" iso_code="MS" tax_behavior="0" active="1">
      <name>Massa</name>
    </state>
    <state id="MT_1" id_country="IT" id_zone="Europe" iso_code="MT" tax_behavior="0" active="1">
      <name>Matera</name>
    </state>
    <state id="VS" id_country="IT" id_zone="Europe" iso_code="VS" tax_behavior="0" active="1">
      <name>Medio Campidano</name>
    </state>
    <state id="ME_1" id_country="IT" id_zone="Europe" iso_code="ME" tax_behavior="0" active="1">
      <name>Messina</name>
    </state>
    <state id="MI_1" id_country="IT" id_zone="Europe" iso_code="MI" tax_behavior="0" active="1">
      <name>Milano</name>
    </state>
    <state id="MO_1" id_country="IT" id_zone="Europe" iso_code="MO" tax_behavior="0" active="1">
      <name>Modena</name>
    </state>
    <state id="MB_1" id_country="IT" id_zone="Europe" iso_code="MB" tax_behavior="0" active="1">
      <name>Monza e della Brianza</name>
    </state>
    <state id="NA" id_country="IT" id_zone="Europe" iso_code="NA" tax_behavior="0" active="1">
      <name>Napoli</name>
    </state>
    <state id="NO" id_country="IT" id_zone="Europe" iso_code="NO" tax_behavior="0" active="1">
      <name>Novara</name>
    </state>
    <state id="NU_1" id_country="IT" id_zone="Europe" iso_code="NU" tax_behavior="0" active="1">
      <name>Nuoro</name>
    </state>
    <state id="OG" id_country="IT" id_zone="Europe" iso_code="OG" tax_behavior="0" active="1">
      <name>Ogliastra</name>
    </state>
    <state id="OT" id_country="IT" id_zone="Europe" iso_code="OT" tax_behavior="0" active="1">
      <name>Olbia-Tempio</name>
    </state>
    <state id="OR_1" id_country="IT" id_zone="Europe" iso_code="OR" tax_behavior="0" active="1">
      <name>Oristano</name>
    </state>
    <state id="PD" id_country="IT" id_zone="Europe" iso_code="PD" tax_behavior="0" active="1">
      <name>Padova</name>
    </state>
    <state id="PA_1" id_country="IT" id_zone="Europe" iso_code="PA" tax_behavior="0" active="1">
      <name>Palermo</name>
    </state>
    <state id="PR_1" id_country="IT" id_zone="Europe" iso_code="PR" tax_behavior="0" active="1">
      <name>Parma</name>
    </state>
    <state id="PV" id_country="IT" id_zone="Europe" iso_code="PV" tax_behavior="0" active="1">
      <name>Pavia</name>
    </state>
    <state id="PG" id_country="IT" id_zone="Europe" iso_code="PG" tax_behavior="0" active="1">
      <name>Perugia</name>
    </state>
    <state id="PU" id_country="IT" id_zone="Europe" iso_code="PU" tax_behavior="0" active="1">
      <name>Pesaro-Urbino</name>
    </state>
    <state id="PE_1" id_country="IT" id_zone="Europe" iso_code="PE" tax_behavior="0" active="1">
      <name>Pescara</name>
    </state>
    <state id="PC" id_country="IT" id_zone="Europe" iso_code="PC" tax_behavior="0" active="1">
      <name>Piacenza</name>
    </state>
    <state id="PI" id_country="IT" id_zone="Europe" iso_code="PI" tax_behavior="0" active="1">
      <name>Pisa</name>
    </state>
    <state id="PT" id_country="IT" id_zone="Europe" iso_code="PT" tax_behavior="0" active="1">
      <name>Pistoia</name>
    </state>
    <state id="PN" id_country="IT" id_zone="Europe" iso_code="PN" tax_behavior="0" active="1">
      <name>Pordenone</name>
    </state>
    <state id="PZ" id_country="IT" id_zone="Europe" iso_code="PZ" tax_behavior="0" active="1">
      <name>Potenza</name>
    </state>
    <state id="PO" id_country="IT" id_zone="Europe" iso_code="PO" tax_behavior="0" active="1">
      <name>Prato</name>
    </state>
    <state id="RG" id_country="IT" id_zone="Europe" iso_code="RG" tax_behavior="0" active="1">
      <name>Ragusa</name>
    </state>
    <state id="RA" id_country="IT" id_zone="Europe" iso_code="RA" tax_behavior="0" active="1">
      <name>Ravenna</name>
    </state>
    <state id="RC" id_country="IT" id_zone="Europe" iso_code="RC" tax_behavior="0" active="1">
      <name>Reggio Calabria</name>
    </state>
    <state id="RE" id_country="IT" id_zone="Europe" iso_code="RE" tax_behavior="0" active="1">
      <name>Reggio Emilia</name>
    </state>
    <state id="RI_1" id_country="IT" id_zone="Europe" iso_code="RI" tax_behavior="0" active="1">
      <name>Rieti</name>
    </state>
    <state id="RN" id_country="IT" id_zone="Europe" iso_code="RN" tax_behavior="0" active="1">
      <name>Rimini</name>
    </state>
    <state id="RM" id_country="IT" id_zone="Europe" iso_code="RM" tax_behavior="0" active="1">
      <name>Roma</name>
    </state>
    <state id="RO" id_country="IT" id_zone="Europe" iso_code="RO" tax_behavior="0" active="1">
      <name>Rovigo</name>
    </state>
    <state id="SA" id_country="IT" id_zone="Europe" iso_code="SA" tax_behavior="0" active="1">
      <name>Salerno</name>
    </state>
    <state id="SS" id_country="IT" id_zone="Europe" iso_code="SS" tax_behavior="0" active="1">
      <name>Sassari</name>
    </state>
    <state id="SV" id_country="IT" id_zone="Europe" iso_code="SV" tax_behavior="0" active="1">
      <name>Savona</name>
    </state>
    <state id="SI" id_country="IT" id_zone="Europe" iso_code="SI" tax_behavior="0" active="1">
      <name>Siena</name>
    </state>
    <state id="SR" id_country="IT" id_zone="Europe" iso_code="SR" tax_behavior="0" active="1">
      <name>Siracusa</name>
    </state>
    <state id="SO" id_country="IT" id_zone="Europe" iso_code="SO" tax_behavior="0" active="1">
      <name>Sondrio</name>
    </state>
    <state id="TA" id_country="IT" id_zone="Europe" iso_code="TA" tax_behavior="0" active="1">
      <name>Taranto</name>
    </state>
    <state id="TE" id_country="IT" id_zone="Europe" iso_code="TE" tax_behavior="0" active="1">
      <name>Teramo</name>
    </state>
    <state id="TR" id_country="IT" id_zone="Europe" iso_code="TR" tax_behavior="0" active="1">
      <name>Terni</name>
    </state>
    <state id="TO" id_country="IT" id_zone="Europe" iso_code="TO" tax_behavior="0" active="1">
      <name>Torino</name>
    </state>
    <state id="TP" id_country="IT" id_zone="Europe" iso_code="TP" tax_behavior="0" active="1">
      <name>Trapani</name>
    </state>
    <state id="TN_1" id_country="IT" id_zone="Europe" iso_code="TN" tax_behavior="0" active="1">
      <name>Trento</name>
    </state>
    <state id="TV" id_country="IT" id_zone="Europe" iso_code="TV" tax_behavior="0" active="1">
      <name>Treviso</name>
    </state>
    <state id="TS" id_country="IT" id_zone="Europe" iso_code="TS" tax_behavior="0" active="1">
      <name>Trieste</name>
    </state>
    <state id="UD" id_country="IT" id_zone="Europe" iso_code="UD" tax_behavior="0" active="1">
      <name>Udine</name>
    </state>
    <state id="VA_1" id_country="IT" id_zone="Europe" iso_code="VA" tax_behavior="0" active="1">
      <name>Varese</name>
    </state>
    <state id="VE" id_country="IT" id_zone="Europe" iso_code="VE" tax_behavior="0" active="1">
      <name>Venezia</name>
    </state>
    <state id="VB" id_country="IT" id_zone="Europe" iso_code="VB" tax_behavior="0" active="1">
      <name>Verbano-Cusio-Ossola</name>
    </state>
    <state id="VC" id_country="IT" id_zone="Europe" iso_code="VC" tax_behavior="0" active="1">
      <name>Vercelli</name>
    </state>
    <state id="VR" id_country="IT" id_zone="Europe" iso_code="VR" tax_behavior="0" active="1">
      <name>Verona</name>
    </state>
    <state id="VV" id_country="IT" id_zone="Europe" iso_code="VV" tax_behavior="0" active="1">
      <name>Vibo Valentia</name>
    </state>
    <state id="VI_1" id_country="IT" id_zone="Europe" iso_code="VI" tax_behavior="0" active="1">
      <name>Vicenza</name>
    </state>
    <state id="VT_1" id_country="IT" id_zone="Europe" iso_code="VT" tax_behavior="0" active="1">
      <name>Viterbo</name>
    </state>
    <state id="AC" id_country="ID" id_zone="Asia" iso_code="AC" tax_behavior="0" active="1">
      <name>Aceh</name>
    </state>
    <state id="BA_1" id_country="ID" id_zone="Asia" iso_code="BA" tax_behavior="0" active="1">
      <name>Bali</name>
    </state>
    <state id="BB" id_country="ID" id_zone="Asia" iso_code="BB" tax_behavior="0" active="1">
      <name>Bangka</name>
    </state>
    <state id="BT_1" id_country="ID" id_zone="Asia" iso_code="BT" tax_behavior="0" active="1">
      <name>Banten</name>
    </state>
    <state id="BE" id_country="ID" id_zone="Asia" iso_code="BE" tax_behavior="0" active="1">
      <name>Bengkulu</name>
    </state>
    <state id="JT" id_country="ID" id_zone="Asia" iso_code="JT" tax_behavior="0" active="1">
      <name>Central Java</name>
    </state>
    <state id="KT" id_country="ID" id_zone="Asia" iso_code="KT" tax_behavior="0" active="1">
      <name>Central Kalimantan</name>
    </state>
    <state id="ST" id_country="ID" id_zone="Asia" iso_code="ST" tax_behavior="0" active="1">
      <name>Central Sulawesi</name>
    </state>
    <state id="JI" id_country="ID" id_zone="Asia" iso_code="JI" tax_behavior="0" active="1">
      <name>Coat of arms of East Java</name>
    </state>
    <state id="KI" id_country="ID" id_zone="Asia" iso_code="KI" tax_behavior="0" active="1">
      <name>East kalimantan</name>
    </state>
    <state id="NT_1" id_country="ID" id_zone="Asia" iso_code="NT" tax_behavior="0" active="1">
      <name>East Nusa Tenggara</name>
    </state>
    <state id="GO_1" id_country="ID" id_zone="Asia" iso_code="GO" tax_behavior="0" active="1">
      <name>Lambang propinsi</name>
    </state>
    <state id="JK" id_country="ID" id_zone="Asia" iso_code="JK" tax_behavior="0" active="1">
      <name>Jakarta</name>
    </state>
    <state id="JA" id_country="ID" id_zone="Asia" iso_code="JA" tax_behavior="0" active="1">
      <name>Jambi</name>
    </state>
    <state id="LA_1" id_country="ID" id_zone="Asia" iso_code="LA" tax_behavior="0" active="1">
      <name>Lampung</name>
    </state>
    <state id="MA_1" id_country="ID" id_zone="Asia" iso_code="MA" tax_behavior="0" active="1">
      <name>Maluku</name>
    </state>
    <state id="MU" id_country="ID" id_zone="Asia" iso_code="MU" tax_behavior="0" active="1">
      <name>North Maluku</name>
    </state>
    <state id="SA_1" id_country="ID" id_zone="Asia" iso_code="SA" tax_behavior="0" active="1">
      <name>North Sulawesi</name>
    </state>
    <state id="SU" id_country="ID" id_zone="Asia" iso_code="SU" tax_behavior="0" active="1">
      <name>North Sumatra</name>
    </state>
    <state id="PA_2" id_country="ID" id_zone="Asia" iso_code="PA" tax_behavior="0" active="1">
      <name>Papua</name>
    </state>
    <state id="RI_2" id_country="ID" id_zone="Asia" iso_code="RI" tax_behavior="0" active="1">
      <name>Riau</name>
    </state>
    <state id="KR_1" id_country="ID" id_zone="Asia" iso_code="KR" tax_behavior="0" active="1">
      <name>Lambang Riau</name>
    </state>
    <state id="SG" id_country="ID" id_zone="Asia" iso_code="SG" tax_behavior="0" active="1">
      <name>Southeast Sulawesi</name>
    </state>
    <state id="KS_1" id_country="ID" id_zone="Asia" iso_code="KS" tax_behavior="0" active="1">
      <name>South Kalimantan</name>
    </state>
    <state id="SN" id_country="ID" id_zone="Asia" iso_code="SN" tax_behavior="0" active="1">
      <name>South Sulawesi</name>
    </state>
    <state id="SS_1" id_country="ID" id_zone="Asia" iso_code="SS" tax_behavior="0" active="1">
      <name>South Sumatra</name>
    </state>
    <state id="JB" id_country="ID" id_zone="Asia" iso_code="JB" tax_behavior="0" active="1">
      <name>West Java</name>
    </state>
    <state id="KB" id_country="ID" id_zone="Asia" iso_code="KB" tax_behavior="0" active="1">
      <name>West Kalimantan</name>
    </state>
    <state id="NB_1" id_country="ID" id_zone="Asia" iso_code="NB" tax_behavior="0" active="1">
      <name>West Nusa Tenggara</name>
    </state>
    <state id="PB" id_country="ID" id_zone="Asia" iso_code="PB" tax_behavior="0" active="1">
      <name>Lambang Provinsi Papua Barat</name>
    </state>
    <state id="SR_1" id_country="ID" id_zone="Asia" iso_code="SR" tax_behavior="0" active="1">
      <name>West Sulawesi</name>
    </state>
    <state id="SB" id_country="ID" id_zone="Asia" iso_code="SB" tax_behavior="0" active="1">
      <name>West Sumatra</name>
    </state>
    <state id="YO" id_country="ID" id_zone="Asia" iso_code="YO" tax_behavior="0" active="1">
      <name>Yogyakarta</name>
    </state>
    <state id="JP-23" id_country="JP" id_zone="Asia" iso_code="23" tax_behavior="0" active="1">
      <name>Aichi</name>
    </state>
    <state id="JP-05" id_country="JP" id_zone="Asia" iso_code="05" tax_behavior="0" active="1">
      <name>Akita</name>
    </state>
    <state id="JP-02" id_country="JP" id_zone="Asia" iso_code="02" tax_behavior="0" active="1">
      <name>Aomori</name>
    </state>
    <state id="JP-12" id_country="JP" id_zone="Asia" iso_code="12" tax_behavior="0" active="1">
      <name>Chiba</name>
    </state>
    <state id="JP-38" id_country="JP" id_zone="Asia" iso_code="38" tax_behavior="0" active="1">
      <name>Ehime</name>
    </state>
    <state id="JP-18" id_country="JP" id_zone="Asia" iso_code="18" tax_behavior="0" active="1">
      <name>Fukui</name>
    </state>
    <state id="JP-40" id_country="JP" id_zone="Asia" iso_code="40" tax_behavior="0" active="1">
      <name>Fukuoka</name>
    </state>
    <state id="JP-07" id_country="JP" id_zone="Asia" iso_code="07" tax_behavior="0" active="1">
      <name>Fukushima</name>
    </state>
    <state id="JP-21" id_country="JP" id_zone="Asia" iso_code="21" tax_behavior="0" active="1">
      <name>Gifu</name>
    </state>
    <state id="JP-10" id_country="JP" id_zone="Asia" iso_code="10" tax_behavior="0" active="1">
      <name>Gunma</name>
    </state>
    <state id="JP-34" id_country="JP" id_zone="Asia" iso_code="34" tax_behavior="0" active="1">
      <name>Hiroshima</name>
    </state>
    <state id="JP-01" id_country="JP" id_zone="Asia" iso_code="01" tax_behavior="0" active="1">
      <name>Hokkaido</name>
    </state>
    <state id="JP-28" id_country="JP" id_zone="Asia" iso_code="28" tax_behavior="0" active="1">
      <name>Hyogo</name>
    </state>
    <state id="JP-08" id_country="JP" id_zone="Asia" iso_code="08" tax_behavior="0" active="1">
      <name>Ibaraki</name>
    </state>
    <state id="JP-17" id_country="JP" id_zone="Asia" iso_code="17" tax_behavior="0" active="1">
      <name>Ishikawa</name>
    </state>
    <state id="JP-03" id_country="JP" id_zone="Asia" iso_code="03" tax_behavior="0" active="1">
      <name>Iwate</name>
    </state>
    <state id="JP-37" id_country="JP" id_zone="Asia" iso_code="37" tax_behavior="0" active="1">
      <name>Kagawa</name>
    </state>
    <state id="JP-46" id_country="JP" id_zone="Asia" iso_code="46" tax_behavior="0" active="1">
      <name>Kagoshima</name>
    </state>
    <state id="JP-14" id_country="JP" id_zone="Asia" iso_code="14" tax_behavior="0" active="1">
      <name>Kanagawa</name>
    </state>
    <state id="JP-39" id_country="JP" id_zone="Asia" iso_code="39" tax_behavior="0" active="1">
      <name>Kochi</name>
    </state>
    <state id="JP-43" id_country="JP" id_zone="Asia" iso_code="43" tax_behavior="0" active="1">
      <name>Kumamoto</name>
    </state>
    <state id="JP-26" id_country="JP" id_zone="Asia" iso_code="26" tax_behavior="0" active="1">
      <name>Kyoto</name>
    </state>
    <state id="JP-24" id_country="JP" id_zone="Asia" iso_code="24" tax_behavior="0" active="1">
      <name>Mie</name>
    </state>
    <state id="JP-04" id_country="JP" id_zone="Asia" iso_code="04" tax_behavior="0" active="1">
      <name>Miyagi</name>
    </state>
    <state id="JP-45" id_country="JP" id_zone="Asia" iso_code="45" tax_behavior="0" active="1">
      <name>Miyazaki</name>
    </state>
    <state id="JP-20" id_country="JP" id_zone="Asia" iso_code="20" tax_behavior="0" active="1">
      <name>Nagano</name>
    </state>
    <state id="JP-42" id_country="JP" id_zone="Asia" iso_code="42" tax_behavior="0" active="1">
      <name>Nagasaki</name>
    </state>
    <state id="JP-29" id_country="JP" id_zone="Asia" iso_code="29" tax_behavior="0" active="1">
      <name>Nara</name>
    </state>
    <state id="JP-15" id_country="JP" id_zone="Asia" iso_code="15" tax_behavior="0" active="1">
      <name>Niigata</name>
    </state>
    <state id="JP-44" id_country="JP" id_zone="Asia" iso_code="44" tax_behavior="0" active="1">
      <name>Oita</name>
    </state>
    <state id="JP-33" id_country="JP" id_zone="Asia" iso_code="33" tax_behavior="0" active="1">
      <name>Okayama</name>
    </state>
    <state id="JP-47" id_country="JP" id_zone="Asia" iso_code="47" tax_behavior="0" active="1">
      <name>Okinawa</name>
    </state>
    <state id="JP-27" id_country="JP" id_zone="Asia" iso_code="27" tax_behavior="0" active="1">
      <name>Osaka</name>
    </state>
    <state id="JP-41" id_country="JP" id_zone="Asia" iso_code="41" tax_behavior="0" active="1">
      <name>Saga</name>
    </state>
    <state id="JP-11" id_country="JP" id_zone="Asia" iso_code="11" tax_behavior="0" active="1">
      <name>Saitama</name>
    </state>
    <state id="JP-25" id_country="JP" id_zone="Asia" iso_code="25" tax_behavior="0" active="1">
      <name>Shiga</name>
    </state>
    <state id="JP-32" id_country="JP" id_zone="Asia" iso_code="32" tax_behavior="0" active="1">
      <name>Shimane</name>
    </state>
    <state id="JP-22" id_country="JP" id_zone="Asia" iso_code="22" tax_behavior="0" active="1">
      <name>Shizuoka</name>
    </state>
    <state id="JP-09" id_country="JP" id_zone="Asia" iso_code="09" tax_behavior="0" active="1">
      <name>Tochigi</name>
    </state>
    <state id="JP-36" id_country="JP" id_zone="Asia" iso_code="36" tax_behavior="0" active="1">
      <name>Tokushima</name>
    </state>
    <state id="JP-13" id_country="JP" id_zone="Asia" iso_code="13" tax_behavior="0" active="1">
      <name>Tokyo</name>
    </state>
    <state id="JP-31" id_country="JP" id_zone="Asia" iso_code="31" tax_behavior="0" active="1">
      <name>Tottori</name>
    </state>
    <state id="JP-16" id_country="JP" id_zone="Asia" iso_code="16" tax_behavior="0" active="1">
      <name>Toyama</name>
    </state>
    <state id="JP-30" id_country="JP" id_zone="Asia" iso_code="30" tax_behavior="0" active="1">
      <name>Wakayama</name>
    </state>
    <state id="JP-06" id_country="JP" id_zone="Asia" iso_code="06" tax_behavior="0" active="1">
      <name>Yamagata</name>
    </state>
    <state id="JP-35" id_country="JP" id_zone="Asia" iso_code="35" tax_behavior="0" active="1">
      <name>Yamaguchi</name>
    </state>
    <state id="JP-19" id_country="JP" id_zone="Asia" iso_code="19" tax_behavior="0" active="1">
      <name>Yamanashi</name>
    </state>
  </entities>
</entity_state>
