<?xml version="1.0" encoding="UTF-8"?>
<entity_stock_mvt_reason>
  <fields id="name" class="StockMvtReason">
    <field name="sign"/>
  </fields>
  <entities>
    <stock_mvt_reason id="Increase" sign="1"/>
    <stock_mvt_reason id="Decrease" sign="-1"/>
    <stock_mvt_reason id="Customer_Order" sign="-1"/>
    <stock_mvt_reason id="Regulation_following_an_inventory_of_stock" sign="-1"/>
    <stock_mvt_reason id="Regulation_following_an_inventory_of_stock_1" sign="1"/>
    <stock_mvt_reason id="Transfer_to_another_warehouse" sign="-1"/>
    <stock_mvt_reason id="Transfer_from_another_warehouse" sign="1"/>
    <stock_mvt_reason id="Supply_Order" sign="1"/>
  </entities>
</entity_stock_mvt_reason>
