<?xml version="1.0"?>
<entity_supply_order_state>
  <fields class="SupplyOrderState">
    <field name="delivery_note"/>
    <field name="editable"/>
    <field name="receipt_state"/>
    <field name="pending_receipt"/>
    <field name="enclosed"/>
    <field name="color"/>
  </fields>
  <entities>
    <supply_order_state id="supply_order_state_1" delivery_note="0" editable="1" receipt_state="0" pending_receipt="0" enclosed="0" color="#faab00"/>
    <supply_order_state id="supply_order_state_2" delivery_note="1" editable="0" receipt_state="0" pending_receipt="0" enclosed="0" color="#273cff"/>
    <supply_order_state id="supply_order_state_3" delivery_note="0" editable="0" receipt_state="0" pending_receipt="1" enclosed="0" color="#ff37f5"/>
    <supply_order_state id="supply_order_state_4" delivery_note="0" editable="0" receipt_state="1" pending_receipt="1" enclosed="0" color="#ff3e33"/>
    <supply_order_state id="supply_order_state_5" delivery_note="0" editable="0" receipt_state="1" pending_receipt="0" enclosed="1" color="#00d60c"/>
    <supply_order_state id="supply_order_state_6" delivery_note="0" editable="0" receipt_state="0" pending_receipt="0" enclosed="1" color="#666666"/>
  </entities>
</entity_supply_order_state>
