<?xml version="1.0" encoding="UTF-8"?>
<entity_timezone>
  <fields id="name">
    <field name="name"/>
  </fields>
  <entities>
    <timezone id="Africa_Abidjan" name="Africa/Abidjan"/>
    <timezone id="Africa_Accra" name="Africa/Accra"/>
    <timezone id="Africa_Addis_Ababa" name="Africa/Addis_Ababa"/>
    <timezone id="Africa_Algiers" name="Africa/Algiers"/>
    <timezone id="Africa_Asmara" name="Africa/Asmara"/>
    <timezone id="Africa_Asmera" name="Africa/Asmera"/>
    <timezone id="Africa_Bamako" name="Africa/Bamako"/>
    <timezone id="Africa_Bangui" name="Africa/Bangui"/>
    <timezone id="Africa_Banjul" name="Africa/Banjul"/>
    <timezone id="Africa_Bissau" name="Africa/Bissau"/>
    <timezone id="Africa_Blantyre" name="Africa/Blantyre"/>
    <timezone id="Africa_Brazzaville" name="Africa/Brazzaville"/>
    <timezone id="Africa_Bujumbura" name="Africa/Bujumbura"/>
    <timezone id="Africa_Cairo" name="Africa/Cairo"/>
    <timezone id="Africa_Casablanca" name="Africa/Casablanca"/>
    <timezone id="Africa_Ceuta" name="Africa/Ceuta"/>
    <timezone id="Africa_Conakry" name="Africa/Conakry"/>
    <timezone id="Africa_Dakar" name="Africa/Dakar"/>
    <timezone id="Africa_Dar_es_Salaam" name="Africa/Dar_es_Salaam"/>
    <timezone id="Africa_Djibouti" name="Africa/Djibouti"/>
    <timezone id="Africa_Douala" name="Africa/Douala"/>
    <timezone id="Africa_El_Aaiun" name="Africa/El_Aaiun"/>
    <timezone id="Africa_Freetown" name="Africa/Freetown"/>
    <timezone id="Africa_Gaborone" name="Africa/Gaborone"/>
    <timezone id="Africa_Harare" name="Africa/Harare"/>
    <timezone id="Africa_Johannesburg" name="Africa/Johannesburg"/>
    <timezone id="Africa_Kampala" name="Africa/Kampala"/>
    <timezone id="Africa_Khartoum" name="Africa/Khartoum"/>
    <timezone id="Africa_Kigali" name="Africa/Kigali"/>
    <timezone id="Africa_Kinshasa" name="Africa/Kinshasa"/>
    <timezone id="Africa_Lagos" name="Africa/Lagos"/>
    <timezone id="Africa_Libreville" name="Africa/Libreville"/>
    <timezone id="Africa_Lome" name="Africa/Lome"/>
    <timezone id="Africa_Luanda" name="Africa/Luanda"/>
    <timezone id="Africa_Lubumbashi" name="Africa/Lubumbashi"/>
    <timezone id="Africa_Lusaka" name="Africa/Lusaka"/>
    <timezone id="Africa_Malabo" name="Africa/Malabo"/>
    <timezone id="Africa_Maputo" name="Africa/Maputo"/>
    <timezone id="Africa_Maseru" name="Africa/Maseru"/>
    <timezone id="Africa_Mbabane" name="Africa/Mbabane"/>
    <timezone id="Africa_Mogadishu" name="Africa/Mogadishu"/>
    <timezone id="Africa_Monrovia" name="Africa/Monrovia"/>
    <timezone id="Africa_Nairobi" name="Africa/Nairobi"/>
    <timezone id="Africa_Ndjamena" name="Africa/Ndjamena"/>
    <timezone id="Africa_Niamey" name="Africa/Niamey"/>
    <timezone id="Africa_Nouakchott" name="Africa/Nouakchott"/>
    <timezone id="Africa_Ouagadougou" name="Africa/Ouagadougou"/>
    <timezone id="Africa_Porto-Novo" name="Africa/Porto-Novo"/>
    <timezone id="Africa_Sao_Tome" name="Africa/Sao_Tome"/>
    <timezone id="Africa_Timbuktu" name="Africa/Timbuktu"/>
    <timezone id="Africa_Tripoli" name="Africa/Tripoli"/>
    <timezone id="Africa_Tunis" name="Africa/Tunis"/>
    <timezone id="Africa_Windhoek" name="Africa/Windhoek"/>
    <timezone id="America_Adak" name="America/Adak"/>
    <timezone id="America_Anchorage" name="America/Anchorage "/>
    <timezone id="America_Anguilla" name="America/Anguilla"/>
    <timezone id="America_Antigua" name="America/Antigua"/>
    <timezone id="America_Araguaina" name="America/Araguaina"/>
    <timezone id="America_Argentina_Buenos_Aires" name="America/Argentina/Buenos_Aires"/>
    <timezone id="America_Argentina_Catamarca" name="America/Argentina/Catamarca"/>
    <timezone id="America_Argentina_ComodRivadavia" name="America/Argentina/ComodRivadavia"/>
    <timezone id="America_Argentina_Cordoba" name="America/Argentina/Cordoba"/>
    <timezone id="America_Argentina_Jujuy" name="America/Argentina/Jujuy"/>
    <timezone id="America_Argentina_La_Rioja" name="America/Argentina/La_Rioja"/>
    <timezone id="America_Argentina_Mendoza" name="America/Argentina/Mendoza"/>
    <timezone id="America_Argentina_Rio_Gallegos" name="America/Argentina/Rio_Gallegos"/>
    <timezone id="America_Argentina_Salta" name="America/Argentina/Salta"/>
    <timezone id="America_Argentina_San_Juan" name="America/Argentina/San_Juan"/>
    <timezone id="America_Argentina_San_Luis" name="America/Argentina/San_Luis"/>
    <timezone id="America_Argentina_Tucuman" name="America/Argentina/Tucuman"/>
    <timezone id="America_Argentina_Ushuaia" name="America/Argentina/Ushuaia"/>
    <timezone id="America_Aruba" name="America/Aruba"/>
    <timezone id="America_Asuncion" name="America/Asuncion"/>
    <timezone id="America_Atikokan" name="America/Atikokan"/>
    <timezone id="America_Atka" name="America/Atka"/>
    <timezone id="America_Bahia" name="America/Bahia"/>
    <timezone id="America_Barbados" name="America/Barbados"/>
    <timezone id="America_Belem" name="America/Belem"/>
    <timezone id="America_Belize" name="America/Belize"/>
    <timezone id="America_Blanc-Sablon" name="America/Blanc-Sablon"/>
    <timezone id="America_Boa_Vista" name="America/Boa_Vista"/>
    <timezone id="America_Bogota" name="America/Bogota"/>
    <timezone id="America_Boise" name="America/Boise"/>
    <timezone id="America_Buenos_Aires" name="America/Buenos_Aires"/>
    <timezone id="America_Cambridge_Bay" name="America/Cambridge_Bay"/>
    <timezone id="America_Campo_Grande" name="America/Campo_Grande"/>
    <timezone id="America_Cancun" name="America/Cancun"/>
    <timezone id="America_Caracas" name="America/Caracas"/>
    <timezone id="America_Catamarca" name="America/Catamarca"/>
    <timezone id="America_Cayenne" name="America/Cayenne"/>
    <timezone id="America_Cayman" name="America/Cayman"/>
    <timezone id="America_Chicago" name="America/Chicago"/>
    <timezone id="America_Chihuahua" name="America/Chihuahua"/>
    <timezone id="America_Coral_Harbour" name="America/Coral_Harbour"/>
    <timezone id="America_Cordoba" name="America/Cordoba"/>
    <timezone id="America_Costa_Rica" name="America/Costa_Rica"/>
    <timezone id="America_Cuiaba" name="America/Cuiaba"/>
    <timezone id="America_Curacao" name="America/Curacao"/>
    <timezone id="America_Danmarkshavn" name="America/Danmarkshavn"/>
    <timezone id="America_Dawson" name="America/Dawson"/>
    <timezone id="America_Dawson_Creek" name="America/Dawson_Creek"/>
    <timezone id="America_Denver" name="America/Denver"/>
    <timezone id="America_Detroit" name="America/Detroit"/>
    <timezone id="America_Dominica" name="America/Dominica"/>
    <timezone id="America_Edmonton" name="America/Edmonton"/>
    <timezone id="America_Eirunepe" name="America/Eirunepe"/>
    <timezone id="America_El_Salvador" name="America/El_Salvador"/>
    <timezone id="America_Ensenada" name="America/Ensenada"/>
    <timezone id="America_Fort_Wayne" name="America/Fort_Wayne"/>
    <timezone id="America_Fortaleza" name="America/Fortaleza"/>
    <timezone id="America_Glace_Bay" name="America/Glace_Bay"/>
    <timezone id="America_Godthab" name="America/Godthab"/>
    <timezone id="America_Goose_Bay" name="America/Goose_Bay"/>
    <timezone id="America_Grand_Turk" name="America/Grand_Turk"/>
    <timezone id="America_Grenada" name="America/Grenada"/>
    <timezone id="America_Guadeloupe" name="America/Guadeloupe"/>
    <timezone id="America_Guatemala" name="America/Guatemala"/>
    <timezone id="America_Guayaquil" name="America/Guayaquil"/>
    <timezone id="America_Guyana" name="America/Guyana"/>
    <timezone id="America_Halifax" name="America/Halifax"/>
    <timezone id="America_Havana" name="America/Havana"/>
    <timezone id="America_Hermosillo" name="America/Hermosillo"/>
    <timezone id="America_Indiana_Indianapolis" name="America/Indiana/Indianapolis"/>
    <timezone id="America_Indiana_Knox" name="America/Indiana/Knox"/>
    <timezone id="America_Indiana_Marengo" name="America/Indiana/Marengo"/>
    <timezone id="America_Indiana_Petersburg" name="America/Indiana/Petersburg"/>
    <timezone id="America_Indiana_Tell_City" name="America/Indiana/Tell_City"/>
    <timezone id="America_Indiana_Vevay" name="America/Indiana/Vevay"/>
    <timezone id="America_Indiana_Vincennes" name="America/Indiana/Vincennes"/>
    <timezone id="America_Indiana_Winamac" name="America/Indiana/Winamac"/>
    <timezone id="America_Indianapolis" name="America/Indianapolis"/>
    <timezone id="America_Inuvik" name="America/Inuvik"/>
    <timezone id="America_Iqaluit" name="America/Iqaluit"/>
    <timezone id="America_Jamaica" name="America/Jamaica"/>
    <timezone id="America_Jujuy" name="America/Jujuy"/>
    <timezone id="America_Juneau" name="America/Juneau"/>
    <timezone id="America_Kentucky_Louisville" name="America/Kentucky/Louisville"/>
    <timezone id="America_Kentucky_Monticello" name="America/Kentucky/Monticello"/>
    <timezone id="America_Knox_IN" name="America/Knox_IN"/>
    <timezone id="America_La_Paz" name="America/La_Paz"/>
    <timezone id="America_Lima" name="America/Lima"/>
    <timezone id="America_Los_Angeles" name="America/Los_Angeles"/>
    <timezone id="America_Louisville" name="America/Louisville"/>
    <timezone id="America_Maceio" name="America/Maceio"/>
    <timezone id="America_Managua" name="America/Managua"/>
    <timezone id="America_Manaus" name="America/Manaus"/>
    <timezone id="America_Marigot" name="America/Marigot"/>
    <timezone id="America_Martinique" name="America/Martinique"/>
    <timezone id="America_Mazatlan" name="America/Mazatlan"/>
    <timezone id="America_Mendoza" name="America/Mendoza"/>
    <timezone id="America_Menominee" name="America/Menominee"/>
    <timezone id="America_Merida" name="America/Merida"/>
    <timezone id="America_Mexico_City" name="America/Mexico_City"/>
    <timezone id="America_Miquelon" name="America/Miquelon"/>
    <timezone id="America_Moncton" name="America/Moncton"/>
    <timezone id="America_Monterrey" name="America/Monterrey"/>
    <timezone id="America_Montevideo" name="America/Montevideo"/>
    <timezone id="America_Montreal" name="America/Montreal"/>
    <timezone id="America_Montserrat" name="America/Montserrat"/>
    <timezone id="America_Nassau" name="America/Nassau"/>
    <timezone id="America_New_York" name="America/New_York"/>
    <timezone id="America_Nipigon" name="America/Nipigon"/>
    <timezone id="America_Nome" name="America/Nome"/>
    <timezone id="America_Noronha" name="America/Noronha"/>
    <timezone id="America_North_Dakota_Center" name="America/North_Dakota/Center"/>
    <timezone id="America_North_Dakota_New_Salem" name="America/North_Dakota/New_Salem"/>
    <timezone id="America_Panama" name="America/Panama"/>
    <timezone id="America_Pangnirtung" name="America/Pangnirtung"/>
    <timezone id="America_Paramaribo" name="America/Paramaribo"/>
    <timezone id="America_Phoenix" name="America/Phoenix"/>
    <timezone id="America_Port-au-Prince" name="America/Port-au-Prince"/>
    <timezone id="America_Port_of_Spain" name="America/Port_of_Spain"/>
    <timezone id="America_Porto_Acre" name="America/Porto_Acre"/>
    <timezone id="America_Porto_Velho" name="America/Porto_Velho"/>
    <timezone id="America_Puerto_Rico" name="America/Puerto_Rico"/>
    <timezone id="America_Rainy_River" name="America/Rainy_River"/>
    <timezone id="America_Rankin_Inlet" name="America/Rankin_Inlet"/>
    <timezone id="America_Recife" name="America/Recife"/>
    <timezone id="America_Regina" name="America/Regina"/>
    <timezone id="America_Resolute" name="America/Resolute"/>
    <timezone id="America_Rio_Branco" name="America/Rio_Branco"/>
    <timezone id="America_Rosario" name="America/Rosario"/>
    <timezone id="America_Santarem" name="America/Santarem"/>
    <timezone id="America_Santiago" name="America/Santiago"/>
    <timezone id="America_Santo_Domingo" name="America/Santo_Domingo"/>
    <timezone id="America_Sao_Paulo" name="America/Sao_Paulo"/>
    <timezone id="America_Scoresbysund" name="America/Scoresbysund"/>
    <timezone id="America_Shiprock" name="America/Shiprock"/>
    <timezone id="America_St_Barthelemy" name="America/St_Barthelemy"/>
    <timezone id="America_St_Johns" name="America/St_Johns"/>
    <timezone id="America_St_Kitts" name="America/St_Kitts"/>
    <timezone id="America_St_Lucia" name="America/St_Lucia"/>
    <timezone id="America_St_Thomas" name="America/St_Thomas"/>
    <timezone id="America_St_Vincent" name="America/St_Vincent"/>
    <timezone id="America_Swift_Current" name="America/Swift_Current"/>
    <timezone id="America_Tegucigalpa" name="America/Tegucigalpa"/>
    <timezone id="America_Thule" name="America/Thule"/>
    <timezone id="America_Thunder_Bay" name="America/Thunder_Bay"/>
    <timezone id="America_Tijuana" name="America/Tijuana"/>
    <timezone id="America_Toronto" name="America/Toronto"/>
    <timezone id="America_Tortola" name="America/Tortola"/>
    <timezone id="America_Vancouver" name="America/Vancouver"/>
    <timezone id="America_Virgin" name="America/Virgin"/>
    <timezone id="America_Whitehorse" name="America/Whitehorse"/>
    <timezone id="America_Winnipeg" name="America/Winnipeg"/>
    <timezone id="America_Yakutat" name="America/Yakutat"/>
    <timezone id="America_Yellowknife" name="America/Yellowknife"/>
    <timezone id="Antarctica_Casey" name="Antarctica/Casey"/>
    <timezone id="Antarctica_Davis" name="Antarctica/Davis"/>
    <timezone id="Antarctica_DumontDUrville" name="Antarctica/DumontDUrville"/>
    <timezone id="Antarctica_Mawson" name="Antarctica/Mawson"/>
    <timezone id="Antarctica_McMurdo" name="Antarctica/McMurdo"/>
    <timezone id="Antarctica_Palmer" name="Antarctica/Palmer"/>
    <timezone id="Antarctica_Rothera" name="Antarctica/Rothera"/>
    <timezone id="Antarctica_South_Pole" name="Antarctica/South_Pole"/>
    <timezone id="Antarctica_Syowa" name="Antarctica/Syowa"/>
    <timezone id="Antarctica_Vostok" name="Antarctica/Vostok"/>
    <timezone id="Arctic_Longyearbyen" name="Arctic/Longyearbyen"/>
    <timezone id="Asia_Aden" name="Asia/Aden"/>
    <timezone id="Asia_Almaty" name="Asia/Almaty"/>
    <timezone id="Asia_Amman" name="Asia/Amman"/>
    <timezone id="Asia_Anadyr" name="Asia/Anadyr"/>
    <timezone id="Asia_Aqtau" name="Asia/Aqtau"/>
    <timezone id="Asia_Aqtobe" name="Asia/Aqtobe"/>
    <timezone id="Asia_Ashgabat" name="Asia/Ashgabat"/>
    <timezone id="Asia_Ashkhabad" name="Asia/Ashkhabad"/>
    <timezone id="Asia_Baghdad" name="Asia/Baghdad"/>
    <timezone id="Asia_Bahrain" name="Asia/Bahrain"/>
    <timezone id="Asia_Baku" name="Asia/Baku"/>
    <timezone id="Asia_Bangkok" name="Asia/Bangkok"/>
    <timezone id="Asia_Beirut" name="Asia/Beirut"/>
    <timezone id="Asia_Bishkek" name="Asia/Bishkek"/>
    <timezone id="Asia_Brunei" name="Asia/Brunei"/>
    <timezone id="Asia_Calcutta" name="Asia/Calcutta"/>
    <timezone id="Asia_Choibalsan" name="Asia/Choibalsan"/>
    <timezone id="Asia_Chongqing" name="Asia/Chongqing"/>
    <timezone id="Asia_Chungking" name="Asia/Chungking"/>
    <timezone id="Asia_Colombo" name="Asia/Colombo"/>
    <timezone id="Asia_Dacca" name="Asia/Dacca"/>
    <timezone id="Asia_Damascus" name="Asia/Damascus"/>
    <timezone id="Asia_Dhaka" name="Asia/Dhaka"/>
    <timezone id="Asia_Dili" name="Asia/Dili"/>
    <timezone id="Asia_Dubai" name="Asia/Dubai"/>
    <timezone id="Asia_Dushanbe" name="Asia/Dushanbe"/>
    <timezone id="Asia_Gaza" name="Asia/Gaza"/>
    <timezone id="Asia_Harbin" name="Asia/Harbin"/>
    <timezone id="Asia_Ho_Chi_Minh" name="Asia/Ho_Chi_Minh"/>
    <timezone id="Asia_Hong_Kong" name="Asia/Hong_Kong"/>
    <timezone id="Asia_Hovd" name="Asia/Hovd"/>
    <timezone id="Asia_Irkutsk" name="Asia/Irkutsk"/>
    <timezone id="Asia_Istanbul" name="Asia/Istanbul"/>
    <timezone id="Asia_Jakarta" name="Asia/Jakarta"/>
    <timezone id="Asia_Jayapura" name="Asia/Jayapura"/>
    <timezone id="Asia_Jerusalem" name="Asia/Jerusalem"/>
    <timezone id="Asia_Kabul" name="Asia/Kabul"/>
    <timezone id="Asia_Kamchatka" name="Asia/Kamchatka"/>
    <timezone id="Asia_Karachi" name="Asia/Karachi"/>
    <timezone id="Asia_Kashgar" name="Asia/Kashgar"/>
    <timezone id="Asia_Kathmandu" name="Asia/Kathmandu"/>
    <timezone id="Asia_Katmandu" name="Asia/Katmandu"/>
    <timezone id="Asia_Kolkata" name="Asia/Kolkata"/>
    <timezone id="Asia_Krasnoyarsk" name="Asia/Krasnoyarsk"/>
    <timezone id="Asia_Kuala_Lumpur" name="Asia/Kuala_Lumpur"/>
    <timezone id="Asia_Kuching" name="Asia/Kuching"/>
    <timezone id="Asia_Kuwait" name="Asia/Kuwait"/>
    <timezone id="Asia_Macao" name="Asia/Macao"/>
    <timezone id="Asia_Macau" name="Asia/Macau"/>
    <timezone id="Asia_Magadan" name="Asia/Magadan"/>
    <timezone id="Asia_Makassar" name="Asia/Makassar"/>
    <timezone id="Asia_Manila" name="Asia/Manila"/>
    <timezone id="Asia_Muscat" name="Asia/Muscat"/>
    <timezone id="Asia_Nicosia" name="Asia/Nicosia"/>
    <timezone id="Asia_Novosibirsk" name="Asia/Novosibirsk"/>
    <timezone id="Asia_Omsk" name="Asia/Omsk"/>
    <timezone id="Asia_Oral" name="Asia/Oral"/>
    <timezone id="Asia_Phnom_Penh" name="Asia/Phnom_Penh"/>
    <timezone id="Asia_Pontianak" name="Asia/Pontianak"/>
    <timezone id="Asia_Pyongyang" name="Asia/Pyongyang"/>
    <timezone id="Asia_Qatar" name="Asia/Qatar"/>
    <timezone id="Asia_Qyzylorda" name="Asia/Qyzylorda"/>
    <timezone id="Asia_Rangoon" name="Asia/Rangoon"/>
    <timezone id="Asia_Riyadh" name="Asia/Riyadh"/>
    <timezone id="Asia_Saigon" name="Asia/Saigon"/>
    <timezone id="Asia_Sakhalin" name="Asia/Sakhalin"/>
    <timezone id="Asia_Samarkand" name="Asia/Samarkand"/>
    <timezone id="Asia_Seoul" name="Asia/Seoul"/>
    <timezone id="Asia_Shanghai" name="Asia/Shanghai"/>
    <timezone id="Asia_Singapore" name="Asia/Singapore"/>
    <timezone id="Asia_Taipei" name="Asia/Taipei"/>
    <timezone id="Asia_Tashkent" name="Asia/Tashkent"/>
    <timezone id="Asia_Tbilisi" name="Asia/Tbilisi"/>
    <timezone id="Asia_Tehran" name="Asia/Tehran"/>
    <timezone id="Asia_Tel_Aviv" name="Asia/Tel_Aviv"/>
    <timezone id="Asia_Thimbu" name="Asia/Thimbu"/>
    <timezone id="Asia_Thimphu" name="Asia/Thimphu"/>
    <timezone id="Asia_Tokyo" name="Asia/Tokyo"/>
    <timezone id="Asia_Ujung_Pandang" name="Asia/Ujung_Pandang"/>
    <timezone id="Asia_Ulaanbaatar" name="Asia/Ulaanbaatar"/>
    <timezone id="Asia_Ulan_Bator" name="Asia/Ulan_Bator"/>
    <timezone id="Asia_Urumqi" name="Asia/Urumqi"/>
    <timezone id="Asia_Vientiane" name="Asia/Vientiane"/>
    <timezone id="Asia_Vladivostok" name="Asia/Vladivostok"/>
    <timezone id="Asia_Yakutsk" name="Asia/Yakutsk"/>
    <timezone id="Asia_Yekaterinburg" name="Asia/Yekaterinburg"/>
    <timezone id="Asia_Yerevan" name="Asia/Yerevan"/>
    <timezone id="Atlantic_Azores" name="Atlantic/Azores"/>
    <timezone id="Atlantic_Bermuda" name="Atlantic/Bermuda"/>
    <timezone id="Atlantic_Canary" name="Atlantic/Canary"/>
    <timezone id="Atlantic_Cape_Verde" name="Atlantic/Cape_Verde"/>
    <timezone id="Atlantic_Faeroe" name="Atlantic/Faeroe"/>
    <timezone id="Atlantic_Faroe" name="Atlantic/Faroe"/>
    <timezone id="Atlantic_Jan_Mayen" name="Atlantic/Jan_Mayen"/>
    <timezone id="Atlantic_Madeira" name="Atlantic/Madeira"/>
    <timezone id="Atlantic_Reykjavik" name="Atlantic/Reykjavik"/>
    <timezone id="Atlantic_South_Georgia" name="Atlantic/South_Georgia"/>
    <timezone id="Atlantic_St_Helena" name="Atlantic/St_Helena"/>
    <timezone id="Atlantic_Stanley" name="Atlantic/Stanley"/>
    <timezone id="Australia_ACT" name="Australia/ACT"/>
    <timezone id="Australia_Adelaide" name="Australia/Adelaide"/>
    <timezone id="Australia_Brisbane" name="Australia/Brisbane"/>
    <timezone id="Australia_Broken_Hill" name="Australia/Broken_Hill"/>
    <timezone id="Australia_Canberra" name="Australia/Canberra"/>
    <timezone id="Australia_Currie" name="Australia/Currie"/>
    <timezone id="Australia_Darwin" name="Australia/Darwin"/>
    <timezone id="Australia_Eucla" name="Australia/Eucla"/>
    <timezone id="Australia_Hobart" name="Australia/Hobart"/>
    <timezone id="Australia_LHI" name="Australia/LHI"/>
    <timezone id="Australia_Lindeman" name="Australia/Lindeman"/>
    <timezone id="Australia_Lord_Howe" name="Australia/Lord_Howe"/>
    <timezone id="Australia_Melbourne" name="Australia/Melbourne"/>
    <timezone id="Australia_North" name="Australia/North"/>
    <timezone id="Australia_NSW" name="Australia/NSW"/>
    <timezone id="Australia_Perth" name="Australia/Perth"/>
    <timezone id="Australia_Queensland" name="Australia/Queensland"/>
    <timezone id="Australia_South" name="Australia/South"/>
    <timezone id="Australia_Sydney" name="Australia/Sydney"/>
    <timezone id="Australia_Tasmania" name="Australia/Tasmania"/>
    <timezone id="Australia_Victoria" name="Australia/Victoria"/>
    <timezone id="Australia_West" name="Australia/West"/>
    <timezone id="Australia_Yancowinna" name="Australia/Yancowinna"/>
    <timezone id="Europe_Amsterdam" name="Europe/Amsterdam"/>
    <timezone id="Europe_Andorra" name="Europe/Andorra"/>
    <timezone id="Europe_Athens" name="Europe/Athens"/>
    <timezone id="Europe_Belfast" name="Europe/Belfast"/>
    <timezone id="Europe_Belgrade" name="Europe/Belgrade"/>
    <timezone id="Europe_Berlin" name="Europe/Berlin"/>
    <timezone id="Europe_Bratislava" name="Europe/Bratislava"/>
    <timezone id="Europe_Brussels" name="Europe/Brussels"/>
    <timezone id="Europe_Bucharest" name="Europe/Bucharest"/>
    <timezone id="Europe_Budapest" name="Europe/Budapest"/>
    <timezone id="Europe_Chisinau" name="Europe/Chisinau"/>
    <timezone id="Europe_Copenhagen" name="Europe/Copenhagen"/>
    <timezone id="Europe_Dublin" name="Europe/Dublin"/>
    <timezone id="Europe_Gibraltar" name="Europe/Gibraltar"/>
    <timezone id="Europe_Guernsey" name="Europe/Guernsey"/>
    <timezone id="Europe_Helsinki" name="Europe/Helsinki"/>
    <timezone id="Europe_Isle_of_Man" name="Europe/Isle_of_Man"/>
    <timezone id="Europe_Istanbul" name="Europe/Istanbul"/>
    <timezone id="Europe_Jersey" name="Europe/Jersey"/>
    <timezone id="Europe_Kaliningrad" name="Europe/Kaliningrad"/>
    <timezone id="Europe_Kiev" name="Europe/Kiev"/>
    <timezone id="Europe_Lisbon" name="Europe/Lisbon"/>
    <timezone id="Europe_Ljubljana" name="Europe/Ljubljana"/>
    <timezone id="Europe_London" name="Europe/London"/>
    <timezone id="Europe_Luxembourg" name="Europe/Luxembourg"/>
    <timezone id="Europe_Madrid" name="Europe/Madrid"/>
    <timezone id="Europe_Malta" name="Europe/Malta"/>
    <timezone id="Europe_Mariehamn" name="Europe/Mariehamn"/>
    <timezone id="Europe_Minsk" name="Europe/Minsk"/>
    <timezone id="Europe_Monaco" name="Europe/Monaco"/>
    <timezone id="Europe_Moscow" name="Europe/Moscow"/>
    <timezone id="Europe_Nicosia" name="Europe/Nicosia"/>
    <timezone id="Europe_Oslo" name="Europe/Oslo"/>
    <timezone id="Europe_Paris" name="Europe/Paris"/>
    <timezone id="Europe_Podgorica" name="Europe/Podgorica"/>
    <timezone id="Europe_Prague" name="Europe/Prague"/>
    <timezone id="Europe_Riga" name="Europe/Riga"/>
    <timezone id="Europe_Rome" name="Europe/Rome"/>
    <timezone id="Europe_Samara" name="Europe/Samara"/>
    <timezone id="Europe_San_Marino" name="Europe/San_Marino"/>
    <timezone id="Europe_Sarajevo" name="Europe/Sarajevo"/>
    <timezone id="Europe_Simferopol" name="Europe/Simferopol"/>
    <timezone id="Europe_Skopje" name="Europe/Skopje"/>
    <timezone id="Europe_Sofia" name="Europe/Sofia"/>
    <timezone id="Europe_Stockholm" name="Europe/Stockholm"/>
    <timezone id="Europe_Tallinn" name="Europe/Tallinn"/>
    <timezone id="Europe_Tirane" name="Europe/Tirane"/>
    <timezone id="Europe_Tiraspol" name="Europe/Tiraspol"/>
    <timezone id="Europe_Uzhgorod" name="Europe/Uzhgorod"/>
    <timezone id="Europe_Vaduz" name="Europe/Vaduz"/>
    <timezone id="Europe_Vatican" name="Europe/Vatican"/>
    <timezone id="Europe_Vienna" name="Europe/Vienna"/>
    <timezone id="Europe_Vilnius" name="Europe/Vilnius"/>
    <timezone id="Europe_Volgograd" name="Europe/Volgograd"/>
    <timezone id="Europe_Warsaw" name="Europe/Warsaw"/>
    <timezone id="Europe_Zagreb" name="Europe/Zagreb"/>
    <timezone id="Europe_Zaporozhye" name="Europe/Zaporozhye"/>
    <timezone id="Europe_Zurich" name="Europe/Zurich"/>
    <timezone id="Indian_Antananarivo" name="Indian/Antananarivo"/>
    <timezone id="Indian_Chagos" name="Indian/Chagos"/>
    <timezone id="Indian_Christmas" name="Indian/Christmas"/>
    <timezone id="Indian_Cocos" name="Indian/Cocos"/>
    <timezone id="Indian_Comoro" name="Indian/Comoro"/>
    <timezone id="Indian_Kerguelen" name="Indian/Kerguelen"/>
    <timezone id="Indian_Mahe" name="Indian/Mahe"/>
    <timezone id="Indian_Maldives" name="Indian/Maldives"/>
    <timezone id="Indian_Mauritius" name="Indian/Mauritius"/>
    <timezone id="Indian_Mayotte" name="Indian/Mayotte"/>
    <timezone id="Indian_Reunion" name="Indian/Reunion"/>
    <timezone id="Pacific_Apia" name="Pacific/Apia"/>
    <timezone id="Pacific_Auckland" name="Pacific/Auckland"/>
    <timezone id="Pacific_Chatham" name="Pacific/Chatham"/>
    <timezone id="Pacific_Easter" name="Pacific/Easter"/>
    <timezone id="Pacific_Efate" name="Pacific/Efate"/>
    <timezone id="Pacific_Enderbury" name="Pacific/Enderbury"/>
    <timezone id="Pacific_Fakaofo" name="Pacific/Fakaofo"/>
    <timezone id="Pacific_Fiji" name="Pacific/Fiji"/>
    <timezone id="Pacific_Funafuti" name="Pacific/Funafuti"/>
    <timezone id="Pacific_Galapagos" name="Pacific/Galapagos"/>
    <timezone id="Pacific_Gambier" name="Pacific/Gambier"/>
    <timezone id="Pacific_Guadalcanal" name="Pacific/Guadalcanal"/>
    <timezone id="Pacific_Guam" name="Pacific/Guam"/>
    <timezone id="Pacific_Honolulu" name="Pacific/Honolulu"/>
    <timezone id="Pacific_Johnston" name="Pacific/Johnston"/>
    <timezone id="Pacific_Kiritimati" name="Pacific/Kiritimati"/>
    <timezone id="Pacific_Kosrae" name="Pacific/Kosrae"/>
    <timezone id="Pacific_Kwajalein" name="Pacific/Kwajalein"/>
    <timezone id="Pacific_Majuro" name="Pacific/Majuro"/>
    <timezone id="Pacific_Marquesas" name="Pacific/Marquesas"/>
    <timezone id="Pacific_Midway" name="Pacific/Midway"/>
    <timezone id="Pacific_Nauru" name="Pacific/Nauru"/>
    <timezone id="Pacific_Niue" name="Pacific/Niue"/>
    <timezone id="Pacific_Norfolk" name="Pacific/Norfolk"/>
    <timezone id="Pacific_Noumea" name="Pacific/Noumea"/>
    <timezone id="Pacific_Pago_Pago" name="Pacific/Pago_Pago"/>
    <timezone id="Pacific_Palau" name="Pacific/Palau"/>
    <timezone id="Pacific_Pitcairn" name="Pacific/Pitcairn"/>
    <timezone id="Pacific_Ponape" name="Pacific/Ponape"/>
    <timezone id="Pacific_Port_Moresby" name="Pacific/Port_Moresby"/>
    <timezone id="Pacific_Rarotonga" name="Pacific/Rarotonga"/>
    <timezone id="Pacific_Saipan" name="Pacific/Saipan"/>
    <timezone id="Pacific_Samoa" name="Pacific/Samoa"/>
    <timezone id="Pacific_Tahiti" name="Pacific/Tahiti"/>
    <timezone id="Pacific_Tarawa" name="Pacific/Tarawa"/>
    <timezone id="Pacific_Tongatapu" name="Pacific/Tongatapu"/>
    <timezone id="Pacific_Truk" name="Pacific/Truk"/>
    <timezone id="Pacific_Wake" name="Pacific/Wake"/>
    <timezone id="Pacific_Wallis" name="Pacific/Wallis"/>
    <timezone id="Pacific_Yap" name="Pacific/Yap"/>
    <timezone id="Brazil_Acre" name="Brazil/Acre"/>
    <timezone id="Brazil_DeNoronha" name="Brazil/DeNoronha"/>
    <timezone id="Brazil_East" name="Brazil/East"/>
    <timezone id="Brazil_West" name="Brazil/West"/>
    <timezone id="Canada_Atlantic" name="Canada/Atlantic"/>
    <timezone id="Canada_Central" name="Canada/Central"/>
    <timezone id="Canada_East-Saskatchewan" name="Canada/East-Saskatchewan"/>
    <timezone id="Canada_Eastern" name="Canada/Eastern"/>
    <timezone id="Canada_Mountain" name="Canada/Mountain"/>
    <timezone id="Canada_Newfoundland" name="Canada/Newfoundland"/>
    <timezone id="Canada_Pacific" name="Canada/Pacific"/>
    <timezone id="Canada_Saskatchewan" name="Canada/Saskatchewan"/>
    <timezone id="Canada_Yukon" name="Canada/Yukon"/>
    <timezone id="CET" name="CET"/>
    <timezone id="Chile_Continental" name="Chile/Continental"/>
    <timezone id="Chile_EasterIsland" name="Chile/EasterIsland"/>
    <timezone id="CST6CDT" name="CST6CDT"/>
    <timezone id="Cuba" name="Cuba"/>
    <timezone id="EET" name="EET"/>
    <timezone id="Egypt" name="Egypt"/>
    <timezone id="Eire" name="Eire"/>
    <timezone id="EST" name="EST"/>
    <timezone id="EST5EDT" name="EST5EDT"/>
    <timezone id="Etc_GMT" name="Etc/GMT"/>
    <timezone id="Etc_GMT_0" name="Etc/GMT+0"/>
    <timezone id="Etc_GMT_1" name="Etc/GMT+1"/>
    <timezone id="Etc_GMT_10" name="Etc/GMT+10"/>
    <timezone id="Etc_GMT_11" name="Etc/GMT+11"/>
    <timezone id="Etc_GMT_12" name="Etc/GMT+12"/>
    <timezone id="Etc_GMT_2" name="Etc/GMT+2"/>
    <timezone id="Etc_GMT_3" name="Etc/GMT+3"/>
    <timezone id="Etc_GMT_4" name="Etc/GMT+4"/>
    <timezone id="Etc_GMT_5" name="Etc/GMT+5"/>
    <timezone id="Etc_GMT_6" name="Etc/GMT+6"/>
    <timezone id="Etc_GMT_7" name="Etc/GMT+7"/>
    <timezone id="Etc_GMT_8" name="Etc/GMT+8"/>
    <timezone id="Etc_GMT_9" name="Etc/GMT+9"/>
    <timezone id="Etc_GMT-0" name="Etc/GMT-0"/>
    <timezone id="Etc_GMT-1" name="Etc/GMT-1"/>
    <timezone id="Etc_GMT-10" name="Etc/GMT-10"/>
    <timezone id="Etc_GMT-11" name="Etc/GMT-11"/>
    <timezone id="Etc_GMT-12" name="Etc/GMT-12"/>
    <timezone id="Etc_GMT-13" name="Etc/GMT-13"/>
    <timezone id="Etc_GMT-14" name="Etc/GMT-14"/>
    <timezone id="Etc_GMT-2" name="Etc/GMT-2"/>
    <timezone id="Etc_GMT-3" name="Etc/GMT-3"/>
    <timezone id="Etc_GMT-4" name="Etc/GMT-4"/>
    <timezone id="Etc_GMT-5" name="Etc/GMT-5"/>
    <timezone id="Etc_GMT-6" name="Etc/GMT-6"/>
    <timezone id="Etc_GMT-7" name="Etc/GMT-7"/>
    <timezone id="Etc_GMT-8" name="Etc/GMT-8"/>
    <timezone id="Etc_GMT-9" name="Etc/GMT-9"/>
    <timezone id="Etc_GMT0" name="Etc/GMT0"/>
    <timezone id="Etc_Greenwich" name="Etc/Greenwich"/>
    <timezone id="Etc_UCT" name="Etc/UCT"/>
    <timezone id="Etc_Universal" name="Etc/Universal"/>
    <timezone id="Etc_UTC" name="Etc/UTC"/>
    <timezone id="Etc_Zulu" name="Etc/Zulu"/>
    <timezone id="Factory" name="Factory"/>
    <timezone id="GB" name="GB"/>
    <timezone id="GB-Eire" name="GB-Eire"/>
    <timezone id="GMT" name="GMT"/>
    <timezone id="GMT_0" name="GMT+0"/>
    <timezone id="GMT-0" name="GMT-0"/>
    <timezone id="GMT0" name="GMT0"/>
    <timezone id="Greenwich" name="Greenwich"/>
    <timezone id="Hongkong" name="Hongkong"/>
    <timezone id="HST" name="HST"/>
    <timezone id="Iceland" name="Iceland"/>
    <timezone id="Iran" name="Iran"/>
    <timezone id="Israel" name="Israel"/>
    <timezone id="Jamaica" name="Jamaica"/>
    <timezone id="Japan" name="Japan"/>
    <timezone id="Kwajalein" name="Kwajalein"/>
    <timezone id="Libya" name="Libya"/>
    <timezone id="MET" name="MET"/>
    <timezone id="Mexico_BajaNorte" name="Mexico/BajaNorte"/>
    <timezone id="Mexico_BajaSur" name="Mexico/BajaSur"/>
    <timezone id="Mexico_General" name="Mexico/General"/>
    <timezone id="MST" name="MST"/>
    <timezone id="MST7MDT" name="MST7MDT"/>
    <timezone id="Navajo" name="Navajo"/>
    <timezone id="NZ" name="NZ"/>
    <timezone id="NZ-CHAT" name="NZ-CHAT"/>
    <timezone id="Poland" name="Poland"/>
    <timezone id="Portugal" name="Portugal"/>
    <timezone id="PRC" name="PRC"/>
    <timezone id="PST8PDT" name="PST8PDT"/>
    <timezone id="ROC" name="ROC"/>
    <timezone id="ROK" name="ROK"/>
    <timezone id="Singapore" name="Singapore"/>
    <timezone id="Turkey" name="Turkey"/>
    <timezone id="UCT" name="UCT"/>
    <timezone id="Universal" name="Universal"/>
    <timezone id="US_Alaska" name="US/Alaska"/>
    <timezone id="US_Aleutian" name="US/Aleutian"/>
    <timezone id="US_Arizona" name="US/Arizona"/>
    <timezone id="US_Central" name="US/Central"/>
    <timezone id="US_East-Indiana" name="US/East-Indiana"/>
    <timezone id="US_Eastern" name="US/Eastern"/>
    <timezone id="US_Hawaii" name="US/Hawaii"/>
    <timezone id="US_Indiana-Starke" name="US/Indiana-Starke"/>
    <timezone id="US_Michigan" name="US/Michigan"/>
    <timezone id="US_Mountain" name="US/Mountain"/>
    <timezone id="US_Pacific" name="US/Pacific"/>
    <timezone id="US_Pacific-New" name="US/Pacific-New"/>
    <timezone id="US_Samoa" name="US/Samoa"/>
    <timezone id="UTC" name="UTC"/>
    <timezone id="W-SU" name="W-SU"/>
    <timezone id="WET" name="WET"/>
    <timezone id="Zulu" name="Zulu"/>
  </entities>
</entity_timezone>
